,class,MTH,FLD,RFC,INT,SZ,CPX,EX,RET,BCM,NML,WRD,DCM
0,Base64VLQTest,6,0,17,0,11,2,1,0,1,23.667,6,0.25
1,CharIteratorImpl,3,3,4,1,3,0,0,1,0,4.667,0,0.0
2,SourceMapTestCase,17,3,73,0,23,7,1,1,5,11.647,19,0.915
3,RunResult,0,3,0,0,0,0,0,0,0,0.0,0,0.0
4,Token,0,3,0,0,0,0,0,0,0,0.0,0,0.0
5,Base64Test,3,0,16,0,5,1,0,0,1,12.667,6,0.778
6,SourceMapGeneratorV1Test,18,0,39,0,4,0,0,1,1,18.667,4,0.333
7,SourceMapConsumerV1Test,16,0,235,0,31,1,0,0,0,20.938,0,0.0
8,SourceMapConsumerV2Test,8,0,80,0,20,0,0,0,0,20.25,0,0.0
9,SourceMapGeneratorV3Test,25,0,105,0,10,2,0,1,1,18.52,6,0.121
10,SourceMapGeneratorV2Test,21,0,112,0,18,0,0,1,1,18.0,4,0.133
11,JsonMLConversionTest,40,0,384,0,45,0,0,1,1,12.675,15,0.053
12,SecureCompilerTest,5,2,19,0,4,0,0,0,1,13.6,11,1.5
13,JsonMLValidationTest,42,0,179,0,6,1,0,0,1,22.048,12,0.11
14,GraphTest,18,0,352,0,38,2,0,0,1,20.333,6,0.045
15,GraphPrunerTest,5,0,91,0,12,0,0,0,1,23.4,6,0.149
16,GraphReachabilityTest,3,2,40,0,37,0,0,0,1,14.333,4,0.205
17,GraphColoringTest,8,0,120,0,21,4,0,2,2,17.25,13,0.25
18,StandardUnionFindTest,16,1,199,0,19,0,0,0,3,14.812,31,0.54
19,CompileEachLineOfProgramOutput,3,2,25,0,33,4,1,1,0,5.333,0,0.0
20,CharRangesTest,7,1,132,0,19,5,0,0,0,18.857,0,0.0
21,JsFunctionParserTest,6,4,78,0,14,0,0,0,2,14.667,17,0.889
22,SortedDependenciesTest,9,0,103,0,11,0,0,1,1,10.444,10,0.462
23,JsFileParserTest,11,4,56,0,3,0,0,0,3,14.727,16,2.867
24,DepsFileParserTest,6,4,34,0,3,0,0,0,2,13.5,25,3.0
25,JsFileLineParserTest,12,2,24,0,2,0,0,0,1,13.167,10,0.929
26,TestParser,2,1,3,0,2,0,0,1,0,8.5,0,0.0
27,JsDocInfoParserTest,421,3,1861,0,17,4,0,2,5,20.183,81,0.496
28,IRFactoryTest,64,6,483,0,16,1,0,1,1,16.578,3,0.029
29,ParserTest,111,7,730,0,46,1,1,1,2,23.649,23,0.143
30,ParserResult,0,2,0,0,0,0,0,0,0,0.0,0,0.0
31,JsDocTokenStreamTest,22,0,153,0,11,3,0,0,1,22.455,4,0.075
32,LinkedFlowScopeTest,15,7,219,0,18,4,0,1,4,12.0,17,0.567
33,RuntimeTypeCheckTest,24,0,49,0,2,0,0,1,1,16.5,4,0.308
34,FunctionTypeBuilderTest,9,0,25,0,4,1,0,1,1,26.889,5,0.75
35,OptimizeCallsTest,4,0,11,0,6,0,0,1,1,35.0,6,1.111
36,PeepholeSubstituteAlternateSyntaxTest,59,2,487,0,42,1,0,1,4,19.542,17,0.098
37,StringCompareTestCase,2,0,14,0,13,0,0,1,0,13.5,0,0.0
38,MemoizedScopeCreatorTest,2,0,12,0,6,0,0,0,1,18.0,30,3.667
39,SimpleFunctionAliasAnalysisTest,7,2,44,0,27,0,0,1,1,21.857,10,0.277
40,FunctionFinder,1,2,4,0,3,1,0,0,1,5.0,10,4.333
41,NameAnonymousFunctionsTest,15,1,31,0,3,0,0,1,1,25.933,5,0.529
42,CompilerOptionsTest,2,0,19,0,8,0,0,0,1,13.5,10,1.333
43,FunctionArgumentInjectorTest,45,1,187,0,17,5,0,3,1,29.844,9,0.125
44,ControlStructureCheckTest,24,4,47,0,3,0,0,1,1,20.167,6,0.385
45,PeepholeIntegrationTest,42,1,168,0,14,0,0,1,4,20.833,8,0.248
46,ObjectPropertyStringPreprocessTest,9,0,12,0,1,0,0,1,1,18.333,4,0.889
47,AliasStringsTest,16,5,62,0,9,1,0,1,1,17.5,4,0.136
48,SpecializeModuleTest,14,4,41,0,3,0,0,1,1,35.0,10,0.722
49,SpecializeModuleSpecializationStateTest,5,2,64,0,8,0,0,1,1,17.6,5,0.233
50,FunctionFinder,1,2,4,0,3,1,0,0,1,5.0,10,4.333
51,JsMessageExtractorTest,13,0,150,0,7,0,0,2,1,21.692,5,0.2
52,NameAnalyzerTest,336,1,669,0,2,0,0,1,3,22.06,18,0.156
53,MarkNoSideEffectCallsAndNameAnalyzerRunner,1,2,3,1,2,0,0,0,0,7.0,0,0.0
54,TypeValidatorTest,9,1,44,0,2,0,0,1,1,15.889,9,0.733
55,SideEffectsAnalysisTest,17,5,81,0,16,1,0,1,1,21.824,10,0.171
56,LabeledStatementSearcher,1,2,6,0,3,1,0,0,1,5.0,22,10.0
57,MoveFunctionDeclarationsTest,5,0,10,0,2,0,0,1,1,25.0,4,1.333
58,AliasExternalsTest,28,5,84,0,12,0,0,1,12,22.607,23,3.113
59,XtbMessageBundleTest,1,2,17,0,8,0,0,0,1,4.0,3,0.875
60,CheckGlobalNamesTest,47,4,111,0,6,1,0,2,1,26.745,11,0.203
61,NodeTraversalTest,7,0,66,0,9,0,1,1,1,20.0,4,0.212
62,PruningCallback,1,0,1,0,1,0,1,0,1,5.0,10,14.0
63,ExpectNodeOnEnterScope,6,3,9,1,3,0,0,1,0,9.5,0,0.0
64,CombinedCompilerPassTest,6,1,61,0,13,2,0,1,2,15.5,53,1.838
65,ConcatTraversal,6,3,15,1,3,0,0,1,3,10.667,22,4.1
66,TestHelper,2,3,8,0,2,0,0,1,1,12.0,20,7.667
67,ScopeRecordingCallback,6,2,10,1,1,0,0,1,1,10.0,18,5.5
68,FunctionRewriterTest,20,5,47,0,10,2,0,1,1,19.4,4,0.216
69,ExtractPrototypeMemberDeclarationsTest,20,2,77,0,7,2,0,2,1,24.5,4,0.163
70,DeadAssignmentsEliminationTest,52,0,211,0,18,0,0,1,2,18.942,4,0.079
71,StatementFusionTest,15,0,43,0,5,0,0,1,1,16.267,5,0.281
72,RenamePropertiesTest,44,5,108,0,7,0,0,1,1,31.477,3,0.103
73,ProcessClosurePrimitivesTest,83,5,300,0,25,7,0,2,1,24.88,4,0.041
74,CallGraphTest,44,4,617,0,27,3,1,1,6,32.091,63,0.699
75,PeepholeRemoveDeadCodeTest,83,1,338,0,34,0,0,1,2,17.614,16,0.115
76,CheckUnreachableCodeTest,22,0,84,0,8,0,0,1,1,21.591,4,0.123
77,FunctionInjectorTest,143,5,378,0,21,4,0,3,2,30.524,20,0.224
78,TestCallback,2,3,13,1,13,4,0,1,0,9.5,0,0.0
79,RhinoErrorReporterTest,7,1,44,0,6,1,0,1,4,14.857,11,2.037
80,GroupVariableDeclarationsTest,9,0,36,0,13,0,0,1,0,27.333,0,0.0
81,InlineObjectLiteralsTest,35,2,90,0,10,0,0,1,1,11.886,17,0.373
82,CheckPathsBetweenNodesTest,15,3,222,0,17,0,0,2,8,13.333,28,1.144
83,PrefixPredicate,1,1,2,1,1,0,0,1,1,5.0,8,11.0
84,CountingPredicate,1,2,2,1,2,0,0,1,0,5.0,0,0.0
85,NormalizeTest,38,1,187,0,18,1,0,1,1,18.737,6,0.058
86,WithCollapse,3,0,9,0,7,0,0,1,0,17.0,0,0.0
87,CodePrinterTest,88,1,620,0,124,3,0,1,0,17.83,0,0.0
88,CheckGlobalThisTest,50,0,98,0,2,0,0,1,1,16.46,3,0.118
89,PeepholeFoldConstantsTest,72,2,864,0,80,6,0,1,1,18.014,18,0.03
90,ExpressionDecomposerTest,47,0,189,0,15,5,0,4,3,20.383,29,0.37
91,Find,1,1,7,0,14,5,0,3,0,4.0,0,0.0
92,ClosureCodingConventionTest,33,1,207,0,22,0,0,1,1,22.121,5,0.08
93,CreateSyntheticBlocksTest,16,2,33,0,6,0,0,1,1,16.875,4,0.364
94,RenameVarsTest,50,10,149,0,8,1,0,2,1,26.32,4,0.049
95,ClosurePassAndRenameVars,1,1,4,1,3,0,0,0,0,7.0,0,0.0
96,SyntacticScopeCreatorTest,9,0,64,0,8,0,0,1,4,17.222,14,1.733
97,ClosureCodeRemovalTest,11,1,20,0,1,0,0,1,1,22.818,10,1.182
98,PhaseOptimizerTest,21,4,122,0,14,1,0,2,1,13.333,10,0.16
99,SanityCheckTest,6,1,35,0,11,0,0,1,1,17.333,6,0.212
100,CheckSideEffectsTest,10,2,48,0,18,0,0,1,0,13.0,0,0.0
101,ExpandJqueryAliasesTest,4,4,26,0,12,0,0,1,1,23.5,4,0.292
102,ProcessTweaksTest,38,2,97,0,6,1,0,1,1,22.368,6,0.106
103,CommandLineRunnerTest,126,12,599,0,21,4,1,2,5,20.214,33,0.23
104,ClosureRewriteClassTest,16,0,41,0,8,0,0,1,1,12.625,10,0.387
105,AstParallelizerTest,10,1,52,0,11,2,0,0,2,21.6,26,1.31
106,FixedPointGraphTraversalTest,10,5,78,0,18,0,0,1,1,9.6,9,0.126
107,Counter,0,1,0,0,0,0,0,0,0,0.0,0,0.0
108,CounterIncrementer,1,0,1,1,2,0,0,1,0,12.0,0,0.0
109,InlineVariablesConstantsTest,12,1,45,0,11,0,0,1,1,29.917,17,0.541
110,VariableMapTest,9,0,104,0,8,2,0,0,1,14.111,4,0.216
111,BasicErrorManagerTest,12,5,63,0,2,0,0,1,1,17.667,3,0.467
112,CollapseVariableDeclarationsTest,7,0,25,0,6,0,0,1,1,19.143,5,0.45
113,InlineVariablesTest,137,2,327,0,10,0,0,1,1,23.672,20,0.122
114,RemoveTryCatchTest,9,0,20,0,3,0,0,1,0,21.778,0,0.0
115,SourceMapTest,9,1,19,0,4,1,0,1,1,18.222,6,0.348
116,InlinePropertiesTest,14,1,26,0,1,0,0,1,1,21.643,6,0.5
117,SymbolTableTest,58,2,701,0,13,2,0,2,3,23.431,15,0.143
118,ExploitAssignsTest,9,0,67,0,30,0,0,1,1,19.444,17,0.317
119,AliasKeywordsTest,13,4,87,0,11,1,0,1,4,17.923,31,1.138
120,CheckMissingReturnTest,13,0,67,0,16,0,0,1,3,15.538,6,0.4
121,NameAnonymousFunctionsMappedTest,19,3,63,0,6,1,0,1,1,23.0,5,0.191
122,CheckRequiresForConstructorsTest,25,0,56,0,10,2,0,1,1,31.04,4,0.222
123,GlobalVarReferenceMapTest,6,22,131,0,20,3,0,0,5,38.167,12,0.725
124,TypeCheckTest,1178,1,2914,0,19,4,0,1,14,19.464,28,0.19
125,TypeCheckResult,0,2,0,0,0,0,0,0,0,0.0,0,0.0
126,CheckProvidesTest,11,0,21,0,2,0,0,1,1,26.818,4,0.667
127,CoalesceVariableNamesTest,34,1,101,0,13,1,0,1,1,15.471,5,0.115
128,ExportTestFunctionsTest,7,2,24,0,7,0,0,1,2,22.714,27,2.136
129,ProcessCommonJSModulesTest,10,0,71,0,10,2,0,1,1,14.6,5,0.211
130,IntegrationTestCase,15,4,77,0,11,3,0,1,7,8.0,16,2.373
131,LooseTypeCheckTest,805,0,2137,0,19,4,0,1,14,19.33,31,0.3
132,TypeCheckResult,0,2,0,0,0,0,0,0,0,0.0,0,0.0
133,InlineCostEstimatorTest,5,0,28,0,13,0,0,1,1,6.8,11,0.65
134,MakeDeclaredNamesUniqueTest,21,4,79,0,12,2,0,2,1,22.429,6,0.073
135,PeepholeSimplifyRegExpTest,16,0,170,0,41,0,0,1,0,19.812,0,0.0
136,ReplaceStringsTest,35,4,86,0,7,1,0,1,1,18.057,4,0.14
137,ReplaceIdGeneratorsTest,22,3,53,0,4,0,0,1,1,17.773,4,0.174
138,ConstCheckTest,31,0,59,0,1,0,0,1,1,27.387,3,0.226
139,ShadowVariablesTest,23,1,49,0,4,0,0,1,2,20.435,13,0.553
140,NodeIteratorsTest,19,0,64,0,15,4,0,0,3,20.263,26,1.361
141,GenerateExportsTest,14,1,23,0,2,0,0,1,3,17.714,10,2.4
142,CheckSuspiciousCodeTest,9,0,59,0,19,0,0,1,1,13.778,3,0.109
143,GlobalNamespaceTest,3,0,35,0,9,0,0,1,1,20.333,10,0.684
144,CompilerTestCase,59,17,231,0,107,27,1,2,53,11.559,105,9.294
145,BlackHoleErrorManager,2,0,2,0,0,0,0,0,0,9.5,0,0.0
146,SimpleDefinitionFinderTest,16,1,98,0,9,0,0,1,1,18.625,4,0.16
147,SimpleDefinitionEnumerator,2,2,42,1,20,4,0,0,1,6.0,8,0.282
148,CrossModuleMethodMotionTest,26,3,78,0,5,0,0,1,1,22.077,10,0.382
149,GoogleCodingConventionTest,19,1,128,0,15,0,0,1,1,22.737,5,0.145
150,IgnoreCajaPropertiesTest,8,1,17,0,3,0,0,1,1,13.875,3,0.583
151,CompilerTest,8,0,103,0,9,0,0,1,1,26.875,6,0.159
152,LightweightMessageFormatterTest,16,1,55,0,3,0,1,2,0,18.875,0,0.0
153,ObjectPropertyStringPostprocessTest,6,0,7,0,1,0,0,1,1,12.833,4,1.333
154,MustBeReachingVariableDefTest,23,4,94,0,10,0,0,0,4,20.261,14,0.758
155,LabelFinder,1,0,10,0,8,3,0,0,1,5.0,13,2.0
156,AmbiguatePropertiesTest,43,2,105,0,10,1,0,1,1,21.488,6,0.147
157,PeepholeFoldWithTypesTest,10,0,24,0,3,0,0,1,1,21.7,10,0.812
158,ReplaceMessagesForChromeTest,9,1,14,0,2,0,0,1,1,23.444,7,1.0
159,ChainCallsTest,8,0,14,0,2,0,0,1,1,20.0,4,0.8
160,MinimizeExitPointsTest,12,0,99,0,20,0,0,1,1,18.667,6,0.074
161,CrossModuleCodeMotionTest,42,1,142,0,7,0,0,1,1,18.238,4,0.14
162,TightenTypesTest,57,1,396,0,10,0,0,1,10,18.053,15,0.754
163,SourceInformationAnnotatorTest,2,0,8,0,4,0,0,1,1,18.5,6,1.167
164,InlineSimpleMethodsTest,38,0,78,0,3,0,0,1,1,20.816,20,0.478
165,CheckAccessControlsTest,89,0,181,0,3,0,0,1,2,29.393,91,1.221
166,PrepareAstTest,4,0,43,0,5,0,0,1,1,15.0,9,0.917
167,ExternExportsPassTest,27,1,70,0,9,1,0,1,6,27.148,48,4.545
168,CollapsePropertiesTest,231,3,474,0,4,0,0,1,1,30.58,4,0.033
169,PeepholeOptimizationsPassTest,10,1,46,0,15,2,0,2,3,24.6,24,1.486
170,RemoveNodesNamedXUnderVarOptimization,1,0,9,0,12,4,0,1,1,15.0,19,1.917
171,RemoveNodesNamedXOptimization,1,0,7,0,6,1,0,2,1,15.0,17,3.5
172,RemoveParentVarsForNodesNamedX,1,0,9,0,8,2,0,2,1,15.0,25,3.625
173,RenameYToX,1,0,8,0,6,1,0,2,1,15.0,22,4.333
174,PeepholeCollectPropertyAssignmentsTest,35,0,37,0,4,0,0,1,0,25.257,0,0.0
175,VariableReferenceCheckTest,33,2,66,0,5,1,0,1,5,20.485,14,1.164
176,RecordFunctionInformationTest,11,0,151,0,7,0,0,1,1,9.182,4,0.276
177,JsMessageVisitorTest,48,3,427,0,9,0,0,0,1,27.979,10,0.064
178,CollectMessages,1,0,1,0,1,0,0,0,0,16.0,0,0.0
179,DummyJsVisitor,1,0,0,0,0,0,0,0,0,16.0,0,0.0
180,CleanupPassesTest,2,2,9,0,1,0,0,0,1,19.5,6,3.5
181,ConvertToDottedPropertiesTest,5,0,36,0,17,0,0,1,1,13.0,4,0.25
182,UnreachableCodeEliminationTest,27,1,120,0,12,0,0,1,1,23.63,4,0.082
183,TypedScopeCreatorTest,121,4,1151,0,14,3,0,2,1,21.983,22,0.058
184,CheckMissingGetCssNameTest,9,0,22,0,4,0,0,1,1,22.667,6,0.412
185,RescopeGlobalSymbolsTest,9,1,46,0,9,0,0,1,1,14.556,5,0.22
186,StringCompare,2,0,3,0,2,0,0,1,0,16.5,0,0.0
187,JSCompilerSourceExcerptProviderTest,9,1,90,0,12,1,0,0,2,22.778,34,0.891
188,FunctionToBlockMutatorTest,22,0,73,0,11,4,0,3,1,26.364,6,0.143
189,TestCallback,2,3,9,1,8,3,0,1,0,9.5,0,0.0
190,InstrumentFunctionsTest,17,1,57,0,11,1,0,1,1,13.294,4,0.151
191,NameAndInstrumentFunctions,1,1,3,1,2,0,0,0,0,7.0,0,0.0
192,RemoveUnusedClassPropertiesTest,15,1,53,0,6,0,0,1,1,12.067,6,0.175
193,DisambiguatePropertiesTest,69,2,216,0,10,3,0,1,5,19.551,31,0.844
194,TypeCheckFunctionCheckTest,21,1,65,0,9,0,0,1,1,20.19,15,0.327
195,ClosureReverseAbstractInterpreterTest,35,0,114,0,5,0,0,0,0,18.057,0,0.0
196,RemoveUnusedNamesTest,10,2,17,0,4,0,0,1,1,25.7,10,1.444
197,PeepholeReplaceKnownMethodsTest,19,1,182,0,40,0,0,1,1,16.0,6,0.059
198,ReplaceMessagesTest,38,3,161,0,3,0,0,1,1,29.368,7,0.149
199,SimpleMessageBundle,3,0,5,1,1,0,0,1,0,11.667,0,0.0
200,CollapseAnonymousFunctionsTest,20,0,38,0,1,0,0,1,1,20.3,4,0.4
201,JSModuleGraphTest,22,8,280,0,21,2,0,1,1,19.273,4,0.049
202,DevirtualizePrototypeMethodsTest,50,2,141,0,3,0,0,1,4,25.5,21,0.982
203,RewritePrototypeMethodTestInput,0,4,0,0,0,0,0,0,1,0.0,5,0.0
204,NoRewriteDeclarationUsedAsRValue,0,2,0,0,0,0,0,0,1,0.0,9,0.0
205,NoRewriteIfNotInGlobalScopeTestInput,0,1,0,0,0,0,0,0,1,0.0,7,0.0
206,NoRewriteMultipleDefinitionTestInput,0,5,0,0,0,0,0,0,1,0.0,5,0.0
207,NoRewritePrototypeObjectLiteralsTestInput,0,3,0,0,0,0,0,0,1,0.0,5,0.0
208,NoRewriteNonCallReferenceTestInput,0,1,0,0,0,0,0,0,1,0.0,5,0.0
209,NoRewriteNestedFunctionTestInput,0,5,0,0,0,0,0,0,1,0.0,5,0.0
210,ModuleTestInput,0,4,0,0,0,0,0,0,0,0.0,0,0.0
211,TypeInformationGatherer,2,3,15,1,23,7,0,8,1,10.0,25,1.154
212,GatherCallback,1,0,30,0,21,7,0,0,0,5.0,0,0.0
213,AstValidatorTest,15,1,42,0,8,1,0,1,1,13.667,6,0.156
214,DefaultCodingConventionTest,21,1,141,0,15,0,0,1,1,22.238,7,0.156
215,RemoveUnusedPrototypePropertiesTest,32,3,84,0,10,0,0,1,1,22.781,10,0.21
216,TypeInferenceTest,129,6,690,0,21,4,0,1,1,13.767,3,0.016
217,NodeUtilTest,82,0,1899,0,64,4,0,3,1,19.659,3,0.006
218,IntegrationTest,170,2,730,0,17,2,0,1,2,22.082,10,0.036
219,InferJSDocInfoTest,11,2,108,0,10,3,0,2,1,15.727,10,0.286
220,VariableVisibilityAnalysisTest,15,2,49,0,6,1,0,1,1,17.333,10,0.31
221,LabeledVariableSearcher,1,2,6,0,3,1,0,0,1,5.0,20,9.333
222,FlowSensitiveInlineVariablesTest,79,1,197,0,7,0,0,1,1,23.114,5,0.073
223,GatherSideEffectSubexpressionsCallbackTest,13,0,74,0,8,1,0,1,1,26.385,4,0.154
224,CheckRegExpTest,3,1,22,0,17,0,0,1,1,11.667,6,0.318
225,RenameLabelsTest,4,0,18,0,10,0,0,1,1,16.25,4,0.438
226,MaybeReachingVariableUseTest,14,3,70,0,10,0,0,0,4,13.857,16,1.1
227,LabelFinder,1,0,11,0,8,3,0,0,1,5.0,13,2.0
228,ConcreteTypeTest,12,3,162,0,15,3,0,1,4,12.5,9,0.537
229,FakeFactory,7,4,31,1,7,2,0,1,6,19.286,1,0.643
230,FakeScope,5,2,9,0,8,2,0,3,4,10.2,1,1.0
231,FakeSlot,5,1,5,1,1,0,0,1,0,10.8,0,0.0
232,VarCheckTest,52,5,131,0,11,3,0,2,0,25.942,0,0.0
233,VariableTestCheck,1,1,11,1,4,1,0,0,0,7.0,0,0.0
234,DiagnosticGroupTest,1,0,3,0,1,0,0,0,1,16.0,9,11.0
235,RenamePrototypesTest,16,3,50,0,9,0,0,1,2,19.562,18,0.923
236,DataFlowAnalysisTest,13,0,143,0,32,9,0,2,1,28.231,39,0.362
237,Value,2,0,0,0,1,0,0,1,1,9.0,3,3.0
238,Variable,4,1,4,0,4,1,0,2,1,7.25,2,0.714
239,Number,3,1,2,0,1,0,0,1,1,8.0,3,2.0
240,Instruction,2,1,0,0,1,0,0,1,3,10.0,16,25.5
241,ArithmeticInstruction,10,4,10,0,6,0,0,1,1,10.0,15,1.533
242,BranchInstruction,2,1,0,0,1,0,0,1,1,12.0,10,6.5
243,ConstPropLatticeElement,2,2,12,1,12,2,0,2,1,7.0,88,7.188
244,ConstPropJoinOp,1,0,7,0,14,5,0,3,0,5.0,0,0.0
245,DummyConstPropagation,4,0,2,0,5,1,0,2,1,16.5,5,1.0
246,BranchedDummyConstPropagation,4,0,16,0,14,4,0,2,1,19.0,5,0.381
247,CompilerTypeTestCase,3,4,10,0,6,0,0,1,0,11.333,0,0.0
248,PureFunctionIdentifierTest,114,4,374,0,13,1,0,1,1,23.64,4,0.051
249,NoSideEffectCallEnumerator,3,1,41,1,16,5,0,3,1,10.0,16,0.588
250,DenormalizeTest,5,0,23,0,8,0,0,1,1,14.2,6,0.381
251,NormalizeAndDenormalizePass,1,3,3,1,2,0,0,0,1,7.0,41,23.0
252,RenameLocalVarsTest,13,2,26,0,3,0,0,1,1,20.846,6,0.476
253,DotFormatterTest,5,0,35,0,6,0,0,0,4,18.8,8,1.947
254,StripCodeTest,53,1,122,0,10,0,0,1,2,27.943,17,0.463
255,ControlFlowAnalysisTest,57,0,272,0,9,2,0,2,15,16.772,55,3.152
256,RemoveUnusedVarsTest,85,3,228,0,21,0,0,1,0,21.541,0,0.0
257,GatherRawExportsTest,20,2,41,0,2,0,0,1,1,17.35,10,0.591
258,MarkNoSideEffectCallsTest,23,2,114,0,8,0,0,1,1,18.304,4,0.143
259,NoSideEffectCallEnumerator,2,2,15,1,10,4,0,0,1,6.0,16,1.538
260,ReplaceCssNamesTest,21,6,107,0,13,0,0,2,1,25.19,4,0.089
261,ReorderConstantExpressionTest,8,0,48,0,15,0,0,1,4,12.5,20,1.449
262,FunctionNamesTest,2,1,26,0,23,1,0,1,1,18.0,4,0.32
263,OptimizeArgumentsArrayTest,20,0,48,0,3,0,0,1,1,30.25,5,0.29
264,StrictModeCheckTest,40,3,98,0,14,0,0,1,0,14.6,0,0.0
265,CheckDebuggerStatementTest,8,1,15,0,4,1,0,1,1,24.25,15,1.0
266,OptimizeReturnsTest,26,1,82,0,7,0,0,1,2,20.808,8,0.6
267,ScopedAliasesTest,57,4,179,0,10,0,0,1,1,18.053,10,0.125
268,TransformationHandlerSpy,1,2,7,1,6,1,0,1,0,22.0,0,0.0
269,AliasSpy,1,1,2,1,1,0,0,0,0,8.0,0,0.0
270,TypeVerifyingPass,3,2,21,2,18,6,0,1,0,8.667,0,0.0
271,InlineFunctionsTest,231,7,501,0,6,1,0,1,2,25.502,14,0.084
272,StringCompare,3,1,5,0,3,0,0,1,0,11.0,0,0.0
273,JsMessageTest,3,0,37,0,5,0,0,0,1,15.0,6,0.875
274,JSModuleTest,5,5,86,0,15,1,0,0,1,14.0,4,0.205
275,ClosureOptimizePrimitivesTest,8,0,15,0,1,0,0,1,1,18.625,10,1.625
276,LiveVariableAnalysisTest,30,1,207,0,19,4,0,3,1,16.067,22,0.165
277,TransformAMDToCJSModuleTest,11,0,35,0,9,0,0,1,1,15.545,5,0.267
278,OptimizeParametersTest,58,0,183,0,12,0,0,1,1,28.121,4,0.062
279,ProcessDefinesTest,44,2,124,0,4,0,0,1,2,20.841,20,0.42
280,ProcessDefinesWithInjectedNamespace,1,1,3,1,2,0,0,0,0,7.0,0,0.0
281,SemanticReverseAbstractInterpreterTest,39,3,303,0,8,2,0,1,16,15.667,19,3.242
282,TypedName,0,2,0,0,0,0,0,0,0,0.0,0,0.0
283,DefinitionsRemoverTest,6,0,23,0,6,1,0,1,1,20.333,23,1.381
284,DefinitionsGatherer,1,1,3,0,3,1,0,0,1,5.0,5,2.667
285,TernaryValueTest,7,0,91,0,9,0,0,0,1,9.0,39,0.905
286,JSTypeRegistryTest,11,0,147,0,15,1,0,1,1,22.545,3,0.096
287,BooleanLiteralSetTest,4,0,88,0,16,0,0,0,1,11.0,3,0.167
288,UnionTypeBuilderTest,9,0,53,0,8,1,0,1,1,16.222,10,0.448
289,JSTypeTest,163,22,6444,0,211,5,0,2,73,25.227,56,0.283
290,RecordTypeTest,7,0,99,0,5,0,0,0,0,21.0,0,0.0
291,UnionTypeTest,22,1,298,0,25,0,0,0,10,21.773,24,1.077
292,FunctionParamBuilderTest,1,0,27,0,8,0,0,0,1,9.0,9,1.375
293,PrototypeObjectTypeTest,1,0,10,0,5,0,0,0,0,12.0,0,0.0
294,ParameterizedTypeTest,8,0,47,0,11,0,0,1,2,15.875,8,1.053
295,NamedTypeTest,2,0,15,0,3,0,0,0,1,23.5,6,1.167
296,FunctionTypeTest,25,0,281,0,7,0,0,0,1,26.36,9,0.162
297,EnumElementTypeTest,2,0,35,0,6,0,0,0,1,13.5,9,0.917
298,JSDocInfoTest,30,2,417,0,29,0,0,1,2,18.533,13,0.119
299,IRTest,15,0,103,0,5,0,0,0,1,10.867,6,0.25
300,NodeTest,39,0,349,0,19,0,0,1,0,23.974,0,0.0
301,Mapping,2,5,0,0,1,0,0,1,0,17.0,0,0.0
302,LineMapping,31,11,59,1,15,4,0,2,0,14.129,0,0.0
303,Builder,32,5,100,1,28,4,1,2,0,16.25,0,0.0
304,OriginalMapping,34,13,71,1,18,5,0,2,0,13.794,0,0.0
305,Builder,33,5,82,1,29,5,1,2,0,14.242,0,0.0
306,FunctionInfo,2,7,0,0,1,0,0,1,0,17.0,0,0.0
307,FunctionInformationMap,34,8,81,1,16,5,0,4,0,13.588,0,0.0
308,Entry,42,19,100,1,32,8,0,9,0,12.738,0,0.0
309,Builder,47,8,125,1,41,8,1,8,0,12.043,0,0.0
310,Module,30,9,65,1,12,3,0,4,0,13.233,0,0.0
311,Builder,25,3,64,1,21,3,1,3,0,13.04,0,0.0
312,Builder,55,5,240,1,52,11,1,3,0,13.309,0,0.0
313,Instrumentation,42,17,107,1,30,7,0,2,0,14.619,0,0.0
314,Builder,53,7,148,1,37,9,1,2,0,15.34,0,0.0
315,InstrumentationTemplate,2,3,0,0,1,0,0,1,0,17.0,0,0.0
316,SourceMapGeneratorFactory,2,0,1,0,5,1,1,3,3,11.0,12,6.167
317,Util,4,1,41,0,46,8,1,1,5,18.0,31,1.333
318,Base64,3,2,3,0,5,1,0,1,4,11.0,18,8.0
319,SourceMapConsumerV1,8,5,104,1,32,8,0,4,7,13.75,46,2.046
320,ParseState,4,2,9,0,8,2,1,2,5,9.0,17,4.625
321,FileName,0,2,0,0,0,0,0,0,0,0.0,0,0.0
322,LineFragment,2,2,1,0,5,1,0,1,3,9.5,46,17.833
323,SourceFile,4,7,6,0,4,1,0,1,4,12.5,30,12.857
324,Builder,8,7,3,0,2,0,0,1,2,10.625,7,1.333
325,SourceMapLineDecoder,6,0,19,0,21,4,0,1,4,13.833,21,2.0
326,LineEntry,0,2,0,0,0,0,0,0,1,0.0,11,0.0
327,StringParser,3,2,3,0,1,0,0,1,1,5.0,11,5.0
328,SourceMapSection,7,4,6,0,2,0,0,1,5,10.0,13,7.25
329,SourceMapGeneratorV1,9,5,48,1,24,5,1,1,8,11.778,76,4.306
330,Mapping,0,7,0,0,0,0,0,0,1,0.0,19,0.0
331,MappingWriter,2,4,16,0,19,3,0,0,2,14.5,7,0.833
332,LineMapper,5,5,12,1,15,4,0,0,4,10.4,13,1.515
333,UsedMappingCheck,1,0,1,1,3,1,0,0,2,5.0,6,4.667
334,MappingTraversal,7,2,31,0,10,3,0,1,7,11.429,23,3.793
335,SourceMapGeneratorV2,18,10,91,1,25,5,1,1,14,12.389,275,5.436
336,Mapping,0,7,0,0,0,0,0,0,1,0.0,19,0.0
337,MappingWriter,2,2,17,0,14,2,0,0,2,14.5,7,1.053
338,LineMapper,5,2,15,1,9,2,0,1,3,10.0,11,1.179
339,LineMapEncoder,4,0,24,0,12,3,0,1,4,17.5,64,4.903
340,UsedMappingCheck,1,0,1,1,3,1,0,0,2,5.0,6,4.667
341,MappingTraversal,7,2,31,0,10,3,0,1,7,11.429,23,3.793
342,SourceMapGeneratorV3,20,9,116,1,26,5,1,1,12,12.55,160,3.507
343,ConsumerEntryVisitor,1,0,2,1,1,0,0,0,0,5.0,0,0.0
344,Mapping,0,7,0,0,0,0,0,0,1,0.0,19,0.0
345,UsedMappingCheck,1,0,1,1,3,1,0,0,2,5.0,6,4.667
346,MappingTraversal,7,2,31,0,10,3,0,1,7,11.429,23,3.793
347,LineMapper,5,7,20,1,18,5,0,0,4,10.0,32,1.69
348,SourceMapConsumerFactory,2,0,7,0,18,3,3,3,3,5.0,25,3.579
349,FilePosition,2,2,2,0,1,0,0,1,3,8.0,46,41.5
350,SourceMapConsumerV2,4,3,46,1,21,5,3,4,4,10.0,28,1.327
351,SourceMapParseException,0,0,0,0,0,0,0,0,1,0.0,10,0.0
352,SourceMapConsumerV3,15,6,123,2,39,9,9,4,11,13.133,31,1.093
353,DefaultSourceMapSupplier,1,0,1,1,1,0,0,1,0,12.0,0,0.0
354,MappingBuilder,6,8,34,0,22,4,1,3,2,11.0,39,1.019
355,StringCharIterator,3,3,4,1,1,0,0,1,1,5.0,16,6.667
356,UnmappedEntry,5,1,5,1,1,0,0,1,1,14.0,20,4.8
357,UnnamedEntry,4,3,4,0,1,0,0,1,1,13.0,19,5.75
358,NamedEntry,1,1,1,0,1,0,0,1,1,9.0,25,29.0
359,Base64VLQ,4,4,6,0,8,2,0,2,5,9.0,55,8.455
360,Warning,4,2,4,0,1,0,0,1,1,8.0,8,2.5
361,AntErrorManager,2,2,12,0,6,1,0,0,1,9.5,14,1.8
362,CompileTask,35,20,136,0,24,5,2,1,29,15.114,39,2.844
363,SecureCompiler,7,7,26,0,14,3,1,2,5,12.857,103,5.0
364,Report,3,3,3,0,1,0,0,1,0,10.667,0,0.0
365,Writer,40,0,319,0,155,4,1,2,4,13.625,36,0.267
366,Validator,50,7,153,0,80,4,0,1,3,16.9,71,0.533
367,JsonMLAst,9,6,24,1,17,4,1,3,3,12.111,35,1.805
368,WalkHelper,0,2,0,0,0,0,0,0,0,0.0,0,0.0
369,Reader,77,7,401,0,107,6,3,4,16,17.597,52,0.87
370,ErrorReporter,4,1,5,0,4,1,1,0,3,6.0,37,12.286
371,JsonMLUtil,5,0,20,0,24,7,0,2,5,11.0,153,8.633
372,JsonMLComparator,6,5,30,0,28,8,0,6,3,12.5,10,0.578
373,JsonML,22,3,74,0,34,7,1,1,20,11.273,33,5.324
374,JsonMLException,0,1,0,0,0,0,0,0,1,0.0,15,0.0
375,NodeUtil,4,0,13,0,4,1,0,2,5,16.75,34,15.286
376,JsonMLError,2,5,3,0,1,0,0,1,1,4.0,16,9.5
377,LinkedDirectedGraph,35,3,128,1,11,4,1,3,1,15.771,52,0.632
378,LinkedDirectedGraphNode,10,3,12,2,1,0,1,1,1,10.0,18,2.2
379,NeighborIterator,3,2,9,1,1,0,1,1,0,5.667,0,0.0
380,AnnotatedLinkedDirectedGraphNode,2,1,2,0,1,0,0,1,1,13.0,6,4.5
381,LinkedDirectedGraphEdge,14,3,17,2,1,0,1,1,1,10.0,14,1.286
382,AnnotatedLinkedDirectedGraphEdge,2,1,2,0,1,0,0,1,1,13.0,14,9.0
383,DiGraph,15,0,6,0,1,0,0,1,7,18.2,38,88.0
384,GraphReachability,3,3,20,1,7,2,0,2,1,9.333,32,2.846
385,EdgeTuple,0,3,0,0,0,0,0,0,1,0.0,7,0.0
386,FixedPointGraphTraversal,4,2,30,0,12,4,0,1,5,15.75,48,7.684
387,Graph,24,2,28,1,5,1,1,1,22,13.625,221,20.8
388,AnnotationState,0,2,0,0,0,0,0,0,1,0.0,16,0.0
389,GraphAnnotationState,0,1,0,0,0,0,0,0,1,0.0,15,0.0
390,SimpleSubGraph,2,2,8,1,6,2,0,2,1,11.0,15,2.571
391,GraphPruner,2,1,38,0,23,9,0,1,1,7.5,89,3.258
392,LinkedUndirectedGraph,27,3,96,1,14,5,1,4,1,14.407,30,0.432
393,LinkedUndirectedGraphNode,9,2,12,2,1,0,1,1,1,12.333,18,2.444
394,NeighborIterator,3,1,8,1,5,1,1,2,0,5.667,0,0.0
395,AnnotatedLinkedUndirectedGraphNode,2,1,2,0,1,0,0,1,1,13.0,6,4.5
396,LinkedUndirectedGraphEdge,10,3,13,2,1,0,1,1,1,9.4,11,1.4
397,AnnotatedLinkedUndirectedGraphEdge,2,1,2,0,1,0,0,1,1,13.0,5,4.0
398,UndiGraph,4,0,0,0,0,0,0,0,2,23.25,22,0.0
399,StandardUnionFind,9,2,47,2,14,3,0,7,3,9.889,51,2.774
400,Node,0,4,0,0,0,0,0,0,1,0.0,4,0.0
401,GraphColoring,3,2,5,0,7,1,0,2,3,11.333,136,25.0
402,Color,2,1,2,1,5,1,0,2,0,7.0,0,0.0
403,GreedyGraphColoring,1,1,23,0,15,3,0,2,1,5.0,8,0.733
404,CharRanges,18,3,44,0,48,11,2,4,4,8.611,83,0.793
405,RegExpTree,16,12,123,0,241,49,5,31,10,12.812,25,0.574
406,Parser,9,3,73,0,55,11,2,10,7,12.667,37,0.588
407,RegExpTreeAtom,4,0,3,0,1,0,0,1,0,13.75,0,0.0
408,Empty,5,1,3,0,1,0,0,1,0,10.6,0,0.0
409,Anchor,6,1,6,0,1,0,0,1,0,11.167,0,0.0
410,WordBoundary,5,1,6,0,1,0,0,1,0,10.6,0,0.0
411,BackReference,5,1,6,0,1,0,0,1,0,10.6,0,0.0
412,Text,7,1,24,0,9,3,0,3,1,12.714,17,0.633
413,Repetition,12,3,53,0,31,9,1,7,0,12.75,0,0.0
414,Alternation,9,1,49,0,60,18,0,5,0,12.0,0,0.0
415,LookaheadAssertion,9,2,18,0,6,2,0,2,0,12.0,0,0.0
416,CapturingGroup,9,1,16,0,3,0,0,1,0,12.0,0,0.0
417,Charset,10,2,84,0,25,6,0,4,0,13.2,0,0.0
418,DecomposedCharset,6,3,38,0,35,8,0,2,0,11.5,0,0.0
419,Concatenation,9,1,37,0,43,12,0,7,0,12.0,0,0.0
420,Simplifier,2,1,9,0,21,5,0,3,0,12.0,0,0.0
421,CaseCanonicalize,4,4,27,0,11,4,0,3,5,16.25,150,7.694
422,DeltaSet,0,2,0,0,0,0,0,0,1,0.0,20,0.0
423,TestErrorReporter,5,4,9,1,5,1,0,1,3,14.4,35,5.308
424,SimpleSourceExcerptProvider,2,1,4,1,1,0,0,1,1,14.0,13,7.5
425,Protocol,2,3,2,0,5,1,0,1,3,18.5,27,11.5
426,AbstractWebServiceException,3,0,5,0,1,0,0,1,1,12.333,15,19.0
427,ClosureReverseAbstractInterpreter,2,5,21,0,10,4,0,2,1,28.0,14,1.059
428,TypeRestriction,0,2,0,0,0,0,0,0,0,0.0,0,0.0
429,SemanticReverseAbstractInterpreter,11,5,119,0,73,17,0,22,4,18.545,117,1.398
430,RestrictByTrueInstanceOfResultVisitor,6,1,17,0,7,2,0,3,1,15.167,3,0.333
431,RestrictByFalseInstanceOfResultVisitor,3,1,14,0,10,3,0,4,1,14.333,3,0.278
432,ChainableReverseAbstractInterpreter,11,6,40,1,22,7,1,6,11,22.364,184,6.652
433,RestrictByTypeOfResultVisitor,8,0,21,1,10,3,0,2,2,14.5,28,2.85
434,RestrictByTrueTypeOfResultVisitor,8,0,8,0,1,0,0,1,1,14.125,38,5.25
435,RestrictByFalseTypeOfResultVisitor,9,0,14,0,1,0,0,1,1,13.778,38,4.667
436,RestrictByOneTypeOfResultVisitor,10,2,29,0,8,2,0,3,2,14.2,25,1.545
437,JsFileParser,5,8,28,0,24,7,0,2,5,11.2,70,6.657
438,DepsGenerator,19,12,113,0,19,7,0,3,12,18.947,67,3.602
439,JsFileLineParser,6,9,45,0,46,10,3,1,6,12.833,52,3.452
440,ParseException,1,2,1,0,1,0,0,1,1,7.0,11,14.0
441,JsFunctionParser,4,5,20,0,14,4,0,1,4,9.75,36,4.44
442,SymbolInfo,0,2,0,0,0,0,0,0,0,0.0,0,0.0
443,PathUtil,6,2,42,0,18,6,1,4,7,13.5,114,10.0
444,SimpleDependencyInfo,6,4,13,1,4,1,0,2,1,11.833,18,2.333
445,DepsFileParser,4,5,25,0,15,4,1,1,5,10.5,45,9.952
446,SortedDependencies,11,4,79,0,24,7,1,3,7,17.727,68,3.739
447,CircularDependencyException,0,0,0,0,0,0,0,0,0,0.0,0,0.0
448,MissingProvideException,0,0,0,0,0,0,0,0,0,0.0,0,0.0
449,JsDocInfoParser,58,15,758,0,463,99,1,18,47,18.293,88,1.268
450,ErrorReporterParser,4,0,12,0,1,0,0,0,0,15.0,0,0.0
451,ExtractionInfo,0,2,0,0,0,0,0,0,1,0.0,21,0.0
452,ExtendedTypeInfo,0,3,0,0,0,0,0,0,1,0.0,5,0.0
453,ParserRunner,7,4,36,0,20,1,0,1,1,12.143,32,0.976
454,ParseResult,0,2,0,0,0,0,0,0,1,0.0,8,0.0
455,JsDocTokenStream,20,19,53,0,92,16,0,23,5,11.35,17,0.325
456,TypeSafeDispatcher,44,0,57,0,67,9,4,42,1,19.205,51,0.896
457,IRFactory,29,19,117,0,88,4,1,86,4,15.586,57,0.493
458,TransformDispatcher,56,0,416,0,36,9,0,2,4,18.589,72,0.522
459,Config,1,6,5,0,7,2,0,1,2,20.0,24,5.857
460,NullErrorReporter,4,0,2,0,1,0,0,1,1,8.5,11,7.5
461,NewRhinoNullReporter,3,0,3,1,1,0,0,1,0,8.0,0,0.0
462,OldRhinoNullReporter,0,0,0,1,0,0,0,0,0,0.0,0,0.0
463,PeepholeSimplifyRegExp,1,0,29,0,18,4,0,2,1,15.0,12,0.833
464,MinimizeExitPoints,6,1,91,1,49,14,0,4,5,13.833,105,3.491
465,RenameLabels,1,3,2,1,1,0,0,0,1,7.0,215,258.0
466,DefaultNameSupplier,1,1,2,1,1,0,0,1,0,3.0,0,0.0
467,ProcessLabels,8,2,50,1,15,3,0,1,7,11.5,30,3.581
468,LabelInfo,0,2,0,0,0,0,0,0,0,0.0,0,0.0
469,LabelNamespace,0,1,0,0,0,0,0,0,0,0.0,0,0.0
470,JsMessageExtractor,2,3,16,0,12,3,1,1,3,15.0,74,13.231
471,ExtractMessagesVisitor,2,1,3,0,3,1,0,1,2,13.5,14,6.5
472,Tracer,25,16,56,0,17,4,0,3,23,16.8,711,15.0
473,Stat,4,4,0,0,1,0,0,1,5,11.5,18,20.25
474,Event,2,2,25,0,27,4,0,1,2,8.5,52,2.679
475,ThreadTrace,9,8,74,0,54,16,1,1,7,11.222,40,0.917
476,AtomicTracerStatMap,2,1,4,0,13,4,0,1,3,8.5,26,4.714
477,VerboseMessageFormatter,3,0,12,0,4,1,0,1,1,10.0,16,3.333
478,DiagnosticType,9,5,11,2,1,0,0,1,6,6.778,28,15.667
479,StrictModeCheck,9,13,78,1,20,7,0,3,8,11.889,44,1.667
480,NonExternChecks,3,0,20,0,11,4,0,0,3,11.333,9,1.045
481,JSModule,26,6,85,2,8,3,1,2,24,11.885,55,5.397
482,JsMessageDefinition,3,3,0,0,1,0,0,1,1,16.333,62,26.667
483,LiveVariablesAnalysis,10,4,79,0,54,12,0,8,3,16.1,141,3.096
484,LiveVariableJoinOp,1,0,5,1,4,1,0,1,0,5.0,0,0.0
485,LiveVariableLattice,5,1,12,1,2,0,0,1,1,6.8,39,6.286
486,StatementFusion,6,0,47,0,16,5,1,7,1,23.833,69,1.745
487,VariableVisibilityAnalysis,3,2,19,1,19,5,1,1,4,15.667,101,10.091
488,FunctionRewriter,3,2,22,1,19,6,0,1,2,17.333,55,4.238
489,Reduction,2,3,4,0,2,0,0,1,3,10.0,12,12.0
490,ReductionGatherer,2,2,4,1,7,2,0,2,1,9.5,26,4.286
491,Reducer,3,0,6,0,5,1,0,1,4,11.333,23,14.6
492,EmptyFunctionReducer,2,2,4,0,5,1,0,2,1,10.5,27,5.833
493,SingleReturnStatementReducer,1,0,5,0,7,2,0,3,2,26.0,15,5.143
494,IdentityReducer,3,2,13,0,8,2,0,3,2,13.0,28,3.562
495,ReturnConstantReducer,3,2,7,0,8,2,0,3,2,11.0,30,5.385
496,GetterReducer,3,2,13,0,11,3,1,3,2,13.0,34,4.5
497,SetterReducer,3,2,26,0,15,5,1,5,2,13.0,35,2.741
498,CheckUnreachableCode,5,3,19,1,8,2,0,2,1,9.4,12,1.7
499,ReachablePredicate,1,0,5,1,9,3,0,3,0,5.0,0,0.0
500,DataFlowAnalysis,13,4,90,0,29,9,1,2,13,11.462,324,10.872
501,FlowState,6,2,6,1,2,0,0,1,1,6.333,16,2.625
502,MaxIterationsExceededException,0,1,0,0,0,0,0,0,1,0.0,39,0.0
503,BranchedForwardDataFlowAnalysis,6,0,46,0,10,3,0,2,2,12.167,58,2.966
504,BranchedFlowState,6,2,7,1,5,1,0,1,1,6.333,16,1.909
505,RemoveUnusedVars,13,13,162,2,61,17,0,4,12,18.154,260,3.385
506,CallSiteOptimizer,11,4,84,0,20,6,0,4,10,20.909,82,2.47
507,Continuation,1,2,5,0,7,2,0,0,1,5.0,30,5.0
508,Assign,2,5,29,0,15,4,0,2,2,11.5,16,1.185
509,CollapseVariableDeclarations,3,3,30,1,23,5,0,1,1,12.333,99,4.258
510,Collapse,0,3,0,0,0,0,0,0,1,0.0,8,0.0
511,GatherCollapses,3,1,35,0,23,7,0,3,1,12.333,38,1.314
512,RemoveTryCatch,1,2,2,1,1,0,0,0,2,7.0,24,39.0
513,RemoveTryCatchCode,1,0,22,0,31,8,0,2,0,5.0,0,0.0
514,DiagnosticGroups,7,35,10,0,2,0,0,1,4,14.714,13,4.0
515,ObjectPropertyStringPreprocess,2,6,10,1,5,1,0,0,1,13.5,47,6.143
516,Callback,1,0,41,0,27,6,0,6,0,5.0,0,0.0
517,CheckSideEffects,5,6,47,1,24,8,0,4,2,10.4,44,2.045
518,StripProtection,2,1,11,1,6,2,0,0,1,6.0,5,1.0
519,BinaryJoinOp,3,0,13,1,9,2,0,3,3,8.333,38,7.154
520,FindExportableNodes,2,3,25,0,24,7,0,1,1,7.5,55,3.52
521,GenerateNodeContext,3,3,3,0,1,0,0,1,1,11.333,11,5.0
522,PeepholeOptimizationsPass,10,4,30,1,13,4,0,2,2,11.3,30,0.895
523,ScopeState,1,2,0,0,2,0,0,0,0,5.0,0,0.0
524,StateStack,3,2,5,0,6,1,0,1,0,3.667,0,0.0
525,PeepholeChangeHandler,1,0,2,1,1,0,0,0,0,12.0,0,0.0
526,JvmMetrics,10,4,136,0,30,8,0,4,1,18.3,28,0.104
527,ByPathWarningsGuard,4,5,3,0,9,3,0,2,3,8.25,81,14.0
528,DefaultPassConfig,20,120,200,0,170,51,1,3,11,19.15,18,0.387
529,GlobalTypeResolver,2,1,7,1,5,1,0,0,1,10.0,10,2.0
530,ClearTypedScope,1,0,2,1,1,0,0,0,1,7.0,8,10.0
531,HotSwapPassFactory,2,0,1,0,1,0,0,1,1,10.0,10,12.0
532,FunctionNames,4,4,14,2,13,3,0,2,1,13.5,75,4.286
533,FunctionRecord,0,4,0,1,0,0,0,0,0,0.0,0,0.0
534,FunctionListExtractor,1,2,6,0,4,1,0,0,0,5.0,0,0.0
535,FunctionExpressionNamer,3,3,3,1,3,0,0,1,0,12.333,0,0.0
536,AbstractCommandLineRunner,54,19,384,0,68,19,6,9,46,18.444,100,2.303
537,FlagUsageException,0,1,0,0,0,0,0,0,1,0.0,10,0.0
538,RunTimeStats,3,4,10,0,9,1,1,0,3,16.333,7,1.75
539,CommandLineConfig,42,42,17,0,8,2,0,1,43,18.429,59,9.021
540,WarningGuardSpec,2,1,2,0,1,0,0,0,1,4.0,17,10.5
541,Entry,0,2,0,0,0,0,0,0,0,0.0,0,0.0
542,ClosureCodeRemoval,1,6,17,1,22,6,0,0,1,7.0,111,5.364
543,RemovableAssignment,1,4,7,0,10,2,0,0,2,6.0,9,1.8
544,FindAbstractMethods,1,0,10,0,5,2,0,0,1,5.0,10,2.6
545,FindAssertionCalls,1,1,6,0,5,2,0,0,1,5.0,4,1.4
546,OptimizeReturns,5,1,40,2,22,7,0,6,4,10.8,58,3.568
547,CheckRegExp,3,4,21,1,14,4,0,1,1,13.333,30,2.188
548,ControlFlowAnalysis,38,12,345,2,54,15,1,19,15,13.605,66,1.023
549,AstControlFlowGraph,2,1,7,0,7,1,0,4,2,18.0,18,4.556
550,NameReferenceGraphReport,8,1,89,0,35,6,0,2,9,19.5,90,6.143
551,DiGraphNodeComparator,1,0,18,1,12,3,0,4,1,7.0,24,2.333
552,AnalyzePrototypeProperties,3,14,15,1,7,1,0,2,3,13.0,65,8.929
553,ProcessProperties,13,1,157,1,56,21,0,5,6,18.462,50,1.318
554,ProcessExternProperties,1,0,6,0,3,1,0,0,0,5.0,0,0.0
555,PropagateReferences,1,0,6,1,8,2,0,3,0,12.0,0,0.0
556,GlobalFunction,4,3,15,1,6,1,0,2,1,10.0,11,1.077
557,AssignmentProperty,6,3,13,1,1,0,0,1,1,9.667,13,3.667
558,LiteralProperty,5,6,7,1,1,0,0,1,1,9.0,13,4.6
559,NameContext,0,2,0,0,0,0,0,0,1,0.0,21,0.0
560,NameInfo,6,5,2,0,15,4,0,1,6,15.667,33,5.4
561,PeepholeFoldConstants,35,8,446,0,97,31,1,39,20,17.457,63,0.634
562,AbstractCompiler,51,2,0,1,1,0,0,1,52,16.765,90,538.5
563,UseSite,2,3,3,0,1,0,0,1,1,7.0,29,18.0
564,RescopeGlobalSymbols,2,6,12,1,7,1,0,0,1,20.0,102,13.333
565,RewriteGlobalFunctionStatementsToVarAssignmentsCallback,1,0,11,0,10,2,0,0,1,5.0,30,3.9
566,RewriteScopeCallback,2,0,32,0,23,7,0,6,1,9.0,91,3.333
567,RemoveGlobalVarCallback,2,0,24,0,20,6,0,1,1,8.0,64,2.84
568,MakeExternsReferenceWindowExplicitly,1,0,15,0,7,2,0,1,1,5.0,32,5.429
569,XtbMessageBundle,4,3,16,1,8,0,0,1,1,12.5,12,1.545
570,Handler,11,8,37,1,15,3,0,0,1,14.636,19,0.793
571,SecureEntityResolver,1,0,1,1,1,0,0,1,1,13.0,32,37.0
572,CoalesceVariableNames,7,4,124,2,40,14,0,4,2,15.286,106,1.211
573,CombinedLiveRangeChecker,2,2,7,0,5,1,0,2,1,10.5,21,2.889
574,LiveRangeChecker,5,4,26,0,11,3,0,4,1,8.4,10,0.65
575,NameGenerator,4,7,15,0,16,4,2,2,4,13.0,52,2.41
576,CheckPathsBetweenNodes,8,11,41,0,22,7,0,4,5,18.5,25,1.754
577,MethodCompilerPass,5,5,20,1,9,1,0,1,4,14.6,21,4.579
578,GetExternMethods,1,0,29,0,24,5,0,1,1,5.0,34,1.625
579,GatherSignatures,2,0,32,0,20,6,1,0,2,13.5,31,1.84
580,EmptyMessageBundle,3,0,4,1,1,0,0,1,4,11.667,14,15.667
581,AnalyzeNameReferences,3,3,12,1,5,1,0,1,1,7.333,67,7.5
582,PropagateReferences,1,0,10,1,8,2,0,3,0,12.0,0,0.0
583,NameInfo,3,2,1,1,15,4,0,1,3,16.667,33,3.941
584,RemoveUnusedClassProperties,5,4,52,2,16,5,1,3,2,11.6,49,1.522
585,VarCheck,6,11,61,1,44,12,1,4,4,17.0,32,1.234
586,NameRefInExternsCheck,1,0,18,0,16,5,0,0,1,5.0,24,1.75
587,CompilerInput,28,8,90,2,15,3,1,2,15,11.821,71,4.638
588,DepsFinder,2,3,11,0,15,5,0,2,0,10.5,0,0.0
589,ConvertToDottedProperties,2,1,18,1,13,3,0,0,1,6.0,25,2.214
590,FieldCleanupPass,2,1,5,1,1,0,0,0,1,10.0,48,56.0
591,QualifiedNameSearchTraversal,3,2,19,0,9,3,0,1,2,10.333,187,17.143
592,DiagnosticGroup,6,4,11,1,6,2,0,2,6,7.833,26,7.214
593,SymbolTable,48,11,339,1,39,12,2,9,32,16.896,301,4.495
594,Symbol,16,6,32,0,5,1,0,1,4,14.125,10,1.792
595,Reference,0,0,0,0,0,0,0,0,0,0.0,0,0.0
596,SymbolScope,15,7,37,1,9,3,0,3,3,12.933,25,1.939
597,PropertyRefCollector,6,1,49,1,20,6,0,5,0,20.167,0,0.0
598,ThisRefCollector,4,2,34,1,17,5,0,1,0,7.75,0,0.0
599,JSDocInfoCollector,2,1,20,0,11,4,0,0,1,9.0,6,0.471
600,PrepareAst,4,2,25,1,14,4,0,0,3,13.0,58,2.812
601,PrepareAnnotations,6,0,37,1,7,2,0,1,4,20.0,63,4.71
602,ControlStructureCheck,4,2,15,1,9,3,0,0,2,7.75,15,2.417
603,ClosureRewriteClass,16,7,170,1,39,10,0,6,4,16.25,22,0.527
604,MemberDefinition,0,3,0,0,0,0,0,0,0,0.0,0,0.0
605,ClassDefinition,0,6,0,0,0,0,0,0,0,0.0,0,0.0
606,ReplaceMessagesForChrome,4,0,38,0,18,5,1,2,1,19.25,53,1.871
607,ProcessDefines,6,10,49,1,24,7,0,1,4,12.333,37,2.34
608,CollectDefines,8,6,65,1,41,12,0,2,8,16.75,46,3.583
609,RefInfo,0,2,0,0,0,0,0,0,1,0.0,14,0.0
610,DefineInfo,4,5,4,0,2,0,0,1,5,17.25,28,16.333
611,RecentChange,3,1,1,1,1,0,0,1,1,10.333,16,6.667
612,ForbiddenChange,1,0,1,1,1,0,1,0,1,12.0,12,15.0
613,PreprocessorSymbolTable,9,3,21,2,5,1,0,1,1,11.222,20,1.846
614,Reference,0,0,0,0,0,0,0,0,0,0.0,0,0.0
615,MarkNoSideEffectCalls,3,3,9,1,6,2,0,3,3,22.333,44,8.0
616,GatherNoSideEffectFunctions,1,1,23,0,26,9,0,0,1,5.0,7,0.385
617,SetNoSideEffectCallProperty,1,1,10,0,13,4,0,3,1,5.0,24,2.154
618,PrintStreamErrorManager,3,3,16,0,7,2,0,0,1,13.333,43,5.333
619,CodePrinter,1,1,6,0,10,2,0,1,2,8.0,14,2.8
620,MappedCodePrinter,9,8,26,0,16,4,1,4,5,15.0,97,4.935
621,Mapping,0,3,0,0,0,0,0,0,1,0.0,44,0.0
622,PrettyCodePrinter,16,2,33,0,10,2,0,6,6,12.562,27,2.07
623,CompactCodePrinter,6,6,20,0,20,4,0,1,3,12.167,17,0.909
624,Builder,7,5,3,0,5,1,1,1,7,12.714,20,6.316
625,TypeCheck,39,50,658,2,182,21,0,6,31,15.795,129,1.976
626,PeepholeFoldWithTypes,2,0,21,0,30,9,0,2,2,14.0,94,5.485
627,PassConfig,17,4,30,0,18,5,1,1,16,17.176,48,7.744
628,PassConfigDelegate,6,1,6,0,1,0,0,1,1,16.0,15,3.167
629,State,0,10,0,1,0,0,0,0,1,0.0,7,0.0
630,AbstractPeepholeOptimization,13,1,22,0,10,3,0,1,14,17.077,62,15.667
631,RenamePrototypes,3,9,37,1,32,8,0,1,4,13.333,132,5.362
632,Property,4,5,16,0,15,5,0,5,1,15.75,13,0.567
633,ProcessExternedProperties,1,0,7,0,4,2,0,0,1,5.0,22,6.5
634,ProcessProperties,6,0,45,0,19,6,0,1,6,20.333,39,4.234
635,RhinoErrorReporter,6,8,14,0,6,2,0,2,2,12.333,38,5.0
636,OldRhinoErrorReporter,2,0,2,1,1,0,0,0,0,6.0,0,0.0
637,NewRhinoErrorReporter,5,0,11,1,5,1,0,1,0,7.2,0,0.0
638,NameReferenceGraph,6,6,25,1,13,4,0,3,2,14.667,157,6.097
639,Name,21,7,37,0,6,2,0,2,6,13.667,77,5.906
640,Reference,6,4,6,0,1,0,0,1,2,8.333,22,8.167
641,UnreachableCodeElimination,4,3,16,2,6,1,0,0,1,7.75,78,11.571
642,EliminationPass,4,1,49,0,25,7,0,5,1,20.25,153,2.662
643,ReplaceCssNames,2,10,4,1,2,0,0,1,1,12.0,170,69.667
644,Traversal,2,0,59,0,31,9,1,3,1,11.0,70,1.386
645,ObjectPropertyStringPostprocess,1,1,2,1,1,0,0,0,1,7.0,52,41.0
646,Callback,1,0,25,0,20,4,0,2,0,5.0,0,0.0
647,DefinitionSite,0,5,0,0,0,0,0,0,1,0.0,24,0.0
648,GroupVariableDeclarations,6,1,44,2,32,8,0,2,2,10.5,165,6.689
649,Strings,3,0,11,0,7,2,0,3,4,22.333,164,35.071
650,CheckRequiresForConstructors,4,4,15,1,6,2,0,2,2,13.0,26,6.222
651,CheckRequiresForConstructorsCallback,5,3,58,1,31,7,0,3,1,11.8,23,0.464
652,MemoizedScopeCreator,7,2,22,2,7,2,0,1,2,14.857,64,5.1
653,GatherRawExports,4,3,18,1,11,4,0,3,1,13.5,25,1.474
654,ExpressionDecomposer,26,6,214,0,33,10,1,4,25,19.0,192,5.33
655,DecompositionState,0,2,0,0,0,0,0,0,1,0.0,17,0.0
656,JSModuleGraph,15,3,116,0,39,12,0,3,14,18.133,121,4.9
657,InverseDepthComparator,1,0,2,1,1,0,0,1,1,7.0,23,27.0
658,ModuleDependenceException,2,3,2,0,1,0,0,1,0,13.5,0,0.0
659,InlineFunctions,19,9,161,1,34,11,1,4,17,20.684,124,3.102
660,FindCandidateFunctions,4,1,38,1,14,5,0,1,2,15.0,24,0.909
661,CallVisitor,1,3,17,0,22,8,0,0,1,5.0,7,0.455
662,FindCandidatesReferences,5,0,35,1,17,5,0,3,2,15.0,7,0.442
663,Inline,2,2,17,1,12,4,0,0,2,13.5,7,1.357
664,FunctionState,26,10,44,0,6,2,0,2,1,14.5,12,0.306
665,NamedFunction,4,1,9,1,1,0,0,1,1,11.25,6,2.0
666,FunctionVar,4,1,11,1,1,0,0,1,1,11.25,6,2.0
667,FunctionExpression,4,2,4,1,1,0,0,1,1,11.25,6,2.667
668,Reference,0,2,0,0,0,0,0,0,0,0.0,0,0.0
669,ShadowVariables,1,7,4,1,5,1,0,0,1,7.0,63,17.4
670,GatherReferenceInfo,1,0,21,0,21,7,0,4,0,5.0,0,0.0
671,DoShadowVariables,5,0,44,1,26,9,0,2,1,9.2,20,0.429
672,GlobalNamespace,18,9,35,2,7,1,0,1,9,12.722,49,8.529
673,NodeFilter,1,1,7,1,9,3,0,3,1,5.0,17,2.333
674,BuildGlobalNamespace,14,1,120,1,83,19,1,8,13,15.714,114,3.502
675,Name,25,16,38,1,29,6,1,6,5,13.4,52,1.202
676,Ref,10,8,5,1,3,0,0,1,2,10.9,19,3.583
677,Tracker,1,4,13,1,19,7,0,0,1,7.0,39,2.368
678,ClosureOptimizePrimitives,3,1,27,1,17,4,0,3,3,18.0,32,2.367
679,FindObjectCreateCalls,1,1,7,0,5,2,0,0,1,5.0,7,1.6
680,FunctionTypeBuilder,20,32,180,0,45,14,1,4,18,17.2,117,2.49
681,ExtendedTypeValidator,1,0,9,1,18,4,0,5,0,5.0,0,0.0
682,ImplementedTypeValidator,1,0,8,1,18,4,0,5,0,5.0,0,0.0
683,UnknownFunctionContents,8,1,10,1,1,0,0,1,0,16.875,0,0.0
684,AstFunctionContents,11,5,19,1,4,1,0,1,0,19.636,0,0.0
685,DotFormatter,12,8,88,0,26,5,0,2,7,9.5,71,2.898
686,CrossModuleCodeMotion,8,5,108,1,29,9,0,10,7,13.125,74,1.621
687,NamedInfo,3,4,3,0,8,2,0,2,3,15.333,24,3.6
688,Declaration,0,2,0,0,0,0,0,0,0,0.0,0,0.0
689,JSSourceFile,10,2,12,1,1,0,0,1,1,10.6,36,4.1
690,ComposeWarningsGuard,8,6,24,0,12,4,0,3,3,10.0,56,2.196
691,GuardComparator,1,2,7,2,4,1,0,2,0,7.0,0,0.0
692,VariableReferenceCheck,2,6,4,1,1,0,0,0,1,10.0,51,27.5
693,ReferenceCheckingBehavior,2,0,42,1,47,16,0,0,2,11.0,46,1.42
694,ReplaceMessages,8,3,98,0,20,6,2,4,7,19.0,110,6.297
695,CleanupPasses,4,4,5,0,4,0,0,1,1,16.25,17,2.571
696,MemoizedScopeCleanupPass,2,1,13,1,10,4,0,0,1,10.0,39,4.6
697,InlineVariables,2,4,4,1,5,1,1,3,1,11.5,105,19.333
698,IdentifyConstants,1,0,2,1,1,0,0,1,1,5.0,43,51.0
699,IdentifyLocals,1,0,2,1,1,0,0,1,1,5.0,4,6.0
700,AliasCandidate,0,2,0,0,0,0,0,0,0,0.0,0,0.0
701,InliningBehavior,22,2,237,1,35,10,1,7,19,19.136,39,1.749
702,ProcessCommonJSModules,6,8,21,1,9,1,1,1,4,12.833,63,8.0
703,ProcessCommonJsModulesCallback,6,2,80,0,11,3,0,1,6,17.167,20,2.048
704,SuffixVarsCallback,1,2,12,0,14,4,0,1,1,5.0,13,1.143
705,SanityCheck,5,4,30,1,12,3,2,2,4,17.0,40,3.7
706,SuppressDocWarningsGuard,2,2,12,0,25,10,0,2,1,8.0,15,0.615
707,PeepholeSubstituteAlternateSyntax,47,10,625,0,94,20,0,19,36,20.149,127,1.666
708,AstChangeProxy,6,1,23,0,19,4,0,1,7,13.667,20,2.926
709,DiagnosticGroupWarningsGuard,4,3,10,0,8,3,0,2,1,7.0,13,1.364
710,JqueryCodingConvention,3,3,12,0,2,0,0,1,1,17.667,8,2.2
711,InferJSDocInfo,5,2,58,1,39,13,0,4,3,15.8,171,3.333
712,SpecializeModule,8,5,72,1,16,4,0,1,9,26.625,338,12.985
713,NodeMatcher,3,0,9,0,8,2,0,1,4,10.0,43,15.444
714,OriginalFunctionInformation,4,4,14,0,8,1,0,1,4,22.75,54,13.538
715,SpecializationState,11,5,28,0,14,4,0,5,11,22.364,109,11.525
716,SideEffectsAnalysis,9,4,40,1,20,6,1,9,7,17.778,104,5.347
717,AbstractMotionEnvironment,1,0,0,0,0,0,0,0,2,20.0,78,0.0
718,IntraproceduralMotionEnvironment,1,0,1,0,1,0,0,1,1,20.0,36,42.0
719,CrossModuleMotionEnvironment,1,0,1,0,1,0,0,1,1,20.0,33,39.0
720,RawMotionEnvironment,1,1,1,0,1,0,0,1,1,20.0,32,35.0
721,LocationSummary,2,2,2,0,1,0,0,1,0,9.0,0,0.0
722,LocationAbstraction,3,0,8,0,5,1,0,1,4,21.667,45,19.8
723,DegenerateLocationAbstraction,4,2,5,0,5,1,0,2,1,17.75,51,4.833
724,DegenerateEffectLocation,3,0,3,1,5,1,0,2,0,9.667,0,0.0
725,VisibilityLocationAbstraction,7,9,28,0,16,4,1,2,7,21.571,157,6.091
726,VisibilityBasedEffectLocation,3,1,5,1,2,0,0,1,1,9.667,41,10.2
727,VariableUseDeclarationMap,2,2,12,0,7,2,0,1,3,17.0,39,10.444
728,AmbiguateProperties,10,13,96,1,30,8,1,3,7,15.3,151,3.452
729,PropertyGraph,5,1,10,1,3,1,0,1,0,11.0,0,0.0
730,PropertySubGraph,2,1,4,1,1,0,0,1,3,11.0,33,42.5
731,PropertyGraphNode,3,2,3,1,1,0,0,1,0,11.333,0,0.0
732,ProcessExterns,1,0,10,0,7,2,0,0,1,5.0,8,1.429
733,ProcessProperties,3,0,25,0,16,4,0,1,2,12.333,33,2.364
734,Property,2,5,13,0,14,4,0,2,2,11.0,8,0.864
735,JSTypeBitSet,1,1,9,0,5,1,0,1,1,8.0,5,1.4
736,Bind,1,3,3,0,4,1,0,2,1,22.0,10,3.25
737,SubclassRelationship,0,3,0,0,0,0,0,0,0,0.0,0,0.0
738,DelegateRelationship,0,2,0,0,0,0,0,0,1,0.0,48,0.0
739,ObjectLiteralCast,0,3,0,0,0,0,0,0,1,0.0,17,0.0
740,AssertionFunctionSpec,3,2,4,0,1,0,0,1,4,15.333,30,31.0
741,SourceFile,30,7,64,2,29,7,1,5,10,11.133,71,2.656
742,Builder,8,2,13,0,2,0,0,1,3,14.875,28,5.7
743,Preloaded,0,1,0,0,0,0,0,0,1,0.0,9,0.0
744,Generated,2,2,2,0,5,1,0,1,1,12.0,14,3.0
745,OnDisk,5,3,9,0,5,1,0,2,4,11.4,38,9.769
746,LineNumberCheck,4,3,12,2,8,3,0,1,1,10.25,26,1.875
747,OptimizeCalls,2,2,5,1,6,2,0,1,1,7.0,36,5.875
748,CrossModuleMethodMotion,2,8,51,1,33,10,0,0,2,9.0,12,0.73
749,IdGenerator,2,2,0,1,1,0,0,1,2,11.5,8,10.5
750,Compiler,155,54,708,0,71,18,3,6,77,14.871,66,1.88
751,CodeBuilder,7,3,15,0,11,2,0,1,8,8.857,26,6.353
752,IntermediateState,0,10,0,1,0,0,0,0,1,0.0,82,0.0
753,NodeNameExtractor,1,2,27,0,24,5,0,11,2,7.0,54,4.792
754,TypedCodeGenerator,5,0,104,0,55,15,0,6,3,16.4,16,0.531
755,TypeInferencePass,4,6,17,1,5,0,0,1,3,10.25,33,5.5
756,FirstScopeBuildingCallback,2,0,3,0,1,0,0,0,0,7.5,0,0.0
757,SecondScopeBuildingCallback,2,0,5,0,1,0,0,0,0,7.5,0,0.0
758,SyntheticAst,5,4,8,1,3,0,1,1,1,10.8,13,2.286
759,CombinedCompilerPass,7,2,15,2,5,1,0,1,1,9.429,141,7.4
760,CallbackWrapper,5,3,8,0,6,2,0,1,2,17.0,65,5.562
761,RuntimeTypeCheck,3,3,16,1,4,1,0,1,1,10.333,66,8.625
762,AddMarkers,6,1,41,0,10,2,0,3,2,17.0,85,4.387
763,AddChecks,5,0,67,0,21,5,0,5,4,13.8,53,2.758
764,VariableMap,14,3,54,0,11,3,2,2,11,11.571,35,3.138
765,MustBeReachingVariableDef,12,3,100,0,53,14,0,8,5,14.833,51,1.878
766,Definition,1,3,1,0,4,1,0,2,1,6.0,51,14.0
767,MustDef,1,1,1,1,1,0,0,1,1,6.0,66,88.0
768,MustDefJoin,1,0,16,0,21,6,0,1,0,5.0,0,0.0
769,StripCode,2,8,4,1,1,0,0,0,2,13.5,109,67.0
770,Strip,18,0,128,0,27,6,0,5,18,26.333,108,6.046
771,TransformAMDToCJSModule,3,6,6,1,1,0,0,1,2,16.0,24,13.667
772,TransformAMDModulesCallback,6,0,93,0,36,9,0,6,6,18.5,50,1.5
773,DefineCallbackReturnCallback,1,0,12,0,4,1,0,0,1,5.0,14,4.25
774,RenameCallback,1,2,6,0,4,1,0,0,1,5.0,2,1.25
775,PeepholeCollectPropertyAssignments,9,0,96,0,29,9,1,7,1,17.556,43,0.394
776,CheckProvides,2,4,4,1,1,0,0,0,1,10.0,8,5.5
777,CheckProvidesCallback,3,3,29,0,15,5,0,0,0,12.333,0,0.0
778,ScopedAliases,2,11,30,1,21,6,0,0,1,10.0,36,1.818
779,AliasedNode,1,2,4,1,1,0,0,0,0,10.0,0,0.0
780,AliasedTypeNode,1,3,8,1,2,0,0,0,0,10.0,0,0.0
781,Traversal,16,8,112,1,40,14,0,2,2,13.812,25,0.321
782,JsMessage,14,11,29,0,7,2,0,3,10,8.286,39,6.0
783,PlaceholderReference,7,1,13,1,1,0,0,1,1,7.429,9,1.571
784,Builder,15,8,35,0,14,4,0,1,13,11.133,38,4.533
785,Hash,6,2,12,0,70,2,0,2,6,6.167,155,3.026
786,ConcreteType,22,5,59,1,14,4,0,3,22,12.136,66,4.987
787,TypeFilter,1,1,0,0,0,0,0,0,1,6.0,26,0.0
788,ConcreteNoneType,4,0,1,0,1,0,0,1,1,9.0,6,2.0
789,ConcreteFunctionType,14,9,61,0,21,5,0,2,13,12.643,72,5.88
790,ConcreteInstanceType,9,4,22,0,11,3,0,4,7,15.0,60,4.613
791,ConcreteUnionType,8,1,36,0,22,5,0,6,2,9.125,38,1.196
792,ConcreteAll,4,0,1,0,1,0,0,1,1,8.75,7,2.25
793,ConcreteUniqueType,3,1,4,0,1,0,0,1,1,7.333,60,22.333
794,GatherSideEffectSubexpressionsCallback,7,3,57,1,25,7,1,7,7,17.0,81,3.842
795,GetReplacementSideEffectSubexpressions,5,2,41,1,13,3,1,1,1,26.8,35,1.171
796,NodeIterators,0,0,0,0,0,0,0,0,1,0.0,22,0.0
797,FunctionlessLocalScope,6,1,26,1,20,5,1,4,4,8.833,17,2.192
798,LocalVarMotion,6,4,30,1,32,10,1,5,3,8.0,86,3.81
799,PureFunctionIdentifier,9,8,112,1,41,13,1,7,7,15.444,97,2.375
800,FunctionAnalyzer,13,1,128,1,50,15,1,4,10,17.385,56,1.198
801,SideEffectPropagationCallback,1,0,25,1,32,10,0,1,1,12.0,9,0.375
802,FunctionInformation,19,12,24,0,19,6,1,1,18,14.789,23,4.604
803,Driver,1,3,7,1,14,2,1,0,1,7.0,14,1.286
804,CallGraph,21,9,102,1,23,7,1,3,20,20.667,168,6.537
805,Function,10,5,17,0,9,2,1,2,9,18.1,61,5.946
806,Callsite,6,5,8,0,9,2,1,2,4,16.167,79,10.667
807,LoggerErrorManager,2,2,17,0,7,2,0,0,1,9.5,33,3.0
808,CheckAccessControls,24,20,235,2,37,13,0,5,19,19.042,72,2.517
809,NameAnalyzer,25,17,252,1,63,15,2,9,22,16.8,250,3.263
810,AliasSet,0,1,0,0,0,0,0,0,1,0.0,53,0.0
811,ReferencePropagationCallback,1,0,1,1,6,1,0,2,1,12.0,5,1.333
812,NameInformation,0,7,0,0,0,0,0,0,1,0.0,16,0.0
813,JsName,2,6,14,1,12,3,0,1,2,8.5,11,2.231
814,JsNameRefNode,2,3,12,1,13,2,0,1,1,5.0,37,2.714
815,PrototypeSetNode,1,0,8,0,5,1,0,0,1,6.0,9,2.4
816,SpecialReferenceNode,3,2,5,1,1,0,0,1,1,7.333,6,3.0
817,ClassDefiningFunctionNode,1,0,10,0,6,1,0,0,1,6.0,14,2.833
818,InstanceOfCheckNode,1,0,5,0,1,0,0,0,1,6.0,6,9.0
819,ProcessExternals,1,0,8,0,10,3,0,0,1,5.0,11,1.4
820,FindDependencyScopes,4,0,41,0,20,7,0,1,2,12.5,146,3.511
821,HoistVariableAndFunctionDeclarations,1,0,11,0,8,2,0,0,1,5.0,32,4.75
822,FindDeclarationsAndSetters,4,0,41,0,30,11,0,2,4,13.75,40,2.804
823,FindReferences,9,1,103,1,41,13,0,4,3,16.556,62,0.89
824,NodeAccumulator,4,0,15,1,7,2,0,1,1,27.0,15,1.727
825,RemoveListener,1,0,2,1,1,0,0,0,0,11.0,0,0.0
826,PerformanceTracker,9,10,94,0,64,6,1,1,4,15.111,17,0.471
827,Stats,0,8,0,0,0,0,0,0,0,0.0,0,0.0
828,CmpEntries,1,0,3,1,1,0,0,1,0,7.0,0,0.0
829,CodeSizeEstimatePrinter,4,5,8,0,11,2,1,2,1,9.75,15,0.783
830,SimpleFunctionAliasAnalysis,4,2,30,0,12,4,0,1,5,14.5,29,4.621
831,CheckMissingGetCssName,6,6,34,1,14,5,0,4,4,14.833,24,2.967
832,ByPart,2,0,1,1,1,0,0,1,0,5.5,0,0.0
833,ByWhole,2,0,1,1,1,0,0,1,0,5.5,0,0.0
834,ErrorPass,1,2,2,1,1,0,0,0,1,7.0,8,12.0
835,SourceInformationAnnotator,2,2,20,0,18,5,0,0,1,10.0,70,4.429
836,MoveFunctionDeclarations,3,2,21,2,12,3,0,1,1,8.667,66,4.789
837,StrictWarningsGuard,2,2,4,0,4,1,0,2,1,8.0,13,3.2
838,NameReferenceGraphConstruction,7,5,23,1,11,4,1,2,5,17.0,29,2.525
839,Traversal,20,1,201,1,44,13,0,6,8,19.25,34,0.776
840,NameUse,0,2,0,0,0,0,0,0,0,0.0,0,0.0
841,ExportTestFunctions,4,4,27,1,7,1,0,1,2,18.75,55,7.417
842,ExportTestFunctionsNodes,2,0,25,0,22,9,0,2,1,13.0,31,1.846
843,AstValidator,64,1,389,1,38,3,0,18,1,17.297,18,0.052
844,ChainCalls,1,6,7,1,9,1,0,0,1,7.0,7,1.222
845,GatherFunctions,4,0,17,1,7,2,0,1,1,9.5,7,1.25
846,GatherCallSites,1,0,23,0,42,14,0,12,1,5.0,19,0.548
847,CallSite,0,5,0,0,0,0,0,0,1,0.0,6,0.0
848,InlineSimpleMethods,12,2,47,0,10,3,0,4,11,17.0,100,6.429
849,InlineTrivialAccessors,1,0,24,0,26,8,0,2,1,5.0,20,0.885
850,MaybeReachingVariableUse,9,2,67,0,46,10,0,7,4,15.556,66,2.972
851,ReachingUses,2,1,3,1,1,0,0,1,1,7.0,116,70.0
852,ReachingUsesJoinOp,1,0,2,1,4,1,0,1,1,5.0,37,12.0
853,PeepholeReplaceKnownMethods,17,2,297,0,78,18,0,13,16,19.353,17,0.525
854,DevirtualizePrototypeMethods,13,2,141,2,36,11,1,12,10,16.923,132,3.361
855,TightenTypes,19,8,219,2,74,13,1,6,14,17.053,262,2.19
856,ConcreteScope,13,3,29,1,8,2,0,3,8,11.154,33,4.179
857,ConcreteSlot,8,3,10,1,2,0,0,1,5,10.625,21,7.667
858,Assignment,0,2,0,0,0,0,0,0,1,0.0,12,0.0
859,VariableAssignAction,1,2,3,1,1,0,0,1,1,14.0,9,11.0
860,PropertyAssignAction,1,3,6,1,4,1,0,1,2,14.0,39,14.75
861,FunctionCallBuilder,4,5,2,0,5,1,0,2,3,11.25,19,3.154
862,ExternFunctionCall,1,3,3,1,1,0,0,1,1,14.0,35,39.0
863,FunctionCall,1,4,13,1,20,6,1,1,1,14.0,12,0.7
864,NativeCallFunctionCall,1,3,12,1,7,2,0,1,1,14.0,8,1.429
865,CreateScope,11,2,227,0,87,25,1,4,5,19.455,23,0.486
866,ConcreteJSTypePair,4,3,6,0,6,2,0,2,1,10.75,22,2.0
867,CreateSyntheticBlocks,5,8,26,1,8,2,0,2,5,12.4,37,3.5
868,Marker,0,2,0,0,0,0,0,0,0,0.0,0,0.0
869,Callback,1,0,24,0,27,7,0,7,0,5.0,0,0.0
870,NodeTraversal,36,12,157,0,17,4,0,3,26,12.806,73,2.503
871,AbstractPostOrderCallback,1,0,0,1,1,0,0,1,1,14.0,9,12.0
872,AbstractScopedCallback,3,0,2,1,1,0,0,1,1,11.0,10,13.0
873,AbstractShallowCallback,1,0,2,1,1,0,0,1,1,14.0,12,16.0
874,AbstractShallowStatementCallback,1,0,2,1,1,0,0,1,1,14.0,17,20.0
875,AbstractNodeTypePruningCallback,1,2,3,1,1,0,0,1,1,14.0,9,12.0
876,PhaseOptimizer,14,17,26,1,16,4,1,1,13,11.714,72,4.238
877,NamedPass,1,2,6,1,4,0,0,0,1,7.0,4,1.75
878,Loop,5,2,28,1,43,10,0,2,4,12.2,27,0.967
879,ProgressRange,0,2,0,0,0,0,0,0,0,0.0,0,0.0
880,CheckMissingReturn,8,5,36,1,13,4,0,5,5,14.125,34,4.484
881,CheckDebuggerStatement,2,2,5,1,3,1,0,0,1,6.0,40,11.5
882,InlineCostEstimator,2,2,3,0,2,0,0,1,3,7.0,15,15.333
883,CompiledSizeEstimator,7,4,7,0,5,1,0,1,2,9.857,21,3.909
884,IgnoreCajaProperties,1,2,2,1,1,0,0,0,1,7.0,77,86.0
885,Traversal,1,0,32,0,12,2,0,0,0,5.0,0,0.0
886,AnonymousFunctionNamingCallback,2,1,29,0,13,5,0,0,1,14.5,45,2.2
887,AliasStrings,9,11,61,1,29,8,0,3,8,18.444,39,2.123
888,StringOccurrence,0,2,0,0,0,0,0,0,1,0.0,12,0.0
889,StringInfo,2,9,19,0,26,6,0,2,3,19.5,136,6.167
890,DisambiguateProperties,10,7,69,1,23,5,0,1,7,17.0,88,2.218
891,Warnings,0,1,0,0,0,0,0,0,0,0.0,0,0.0
892,Property,8,6,37,0,20,7,0,2,8,11.875,51,3.276
893,AbstractScopingCallback,4,1,11,1,5,1,0,1,2,10.25,10,2.75
894,FindExternProperties,1,0,15,0,11,3,0,0,1,5.0,23,2.455
895,FindRenameableProperties,5,0,64,0,20,6,0,4,4,13.4,59,1.522
896,JSTypeSystem,13,2,94,1,34,11,0,5,1,18.462,5,0.062
897,ConcreteTypeSystem,14,5,69,1,19,7,0,5,2,17.5,32,0.625
898,CollapseAnonymousFunctions,1,1,2,1,1,0,0,0,1,7.0,42,56.0
899,Callback,3,0,35,0,17,4,0,3,0,12.0,0,0.0
900,WhitelistWarningsGuard,11,3,40,0,12,3,1,2,8,15.364,64,5.439
901,WhitelistBuilder,7,4,33,1,20,6,0,1,6,13.0,14,2.7
902,AstParallelizer,6,7,30,0,18,3,0,4,4,16.667,63,3.514
903,DetachPoint,1,3,10,0,9,2,0,0,1,8.0,62,7.556
904,DefinitionsRemover,2,0,26,0,24,8,0,8,3,14.5,15,0.958
905,Definition,5,1,3,0,5,1,1,1,5,9.0,51,21.833
906,IncompleteDefinition,2,2,2,0,1,0,0,1,1,9.0,12,7.0
907,UnknownDefinition,1,0,1,0,1,0,1,0,1,13.0,4,7.0
908,ExternalNameOnlyDefinition,1,0,1,0,1,0,1,0,1,13.0,12,14.0
909,FunctionArgumentDefinition,1,0,1,0,1,0,1,0,1,13.0,11,13.0
910,FunctionDefinition,2,1,3,0,1,0,0,1,1,9.0,7,5.0
911,NamedFunctionDefinition,1,0,2,0,1,0,0,0,1,13.0,12,16.0
912,FunctionExpressionDefinition,1,0,4,0,1,0,0,0,1,13.0,19,23.0
913,AssignmentDefinition,3,1,9,0,2,0,0,1,1,10.333,6,2.25
914,ObjectLiteralPropertyDefinition,3,3,9,0,3,1,1,1,1,10.333,12,4.4
915,VarDefinition,3,1,14,0,3,0,0,1,1,10.333,7,2.0
916,OptimizeArgumentsArray,7,7,58,2,35,10,0,4,3,10.571,53,1.848
917,VariableNameGenerator,1,2,2,0,3,1,0,1,1,14.0,14,6.667
918,LinkedFlowScope,17,7,79,1,29,10,1,8,10,13.176,69,2.624
919,FlowScopeJoinOp,1,0,4,0,6,1,0,2,1,5.0,4,1.0
920,LinkedFlowSlot,0,1,0,0,0,0,0,0,1,0.0,11,0.0
921,FlatFlowScopeCache,1,4,4,0,5,1,0,2,2,7.0,20,6.8
922,ConstCheck,4,3,35,1,29,9,0,1,3,8.25,19,1.818
923,BasicErrorManager,11,4,17,1,8,3,0,1,3,11.273,51,3.958
924,LeveledJSErrorComparator,1,2,6,1,40,13,0,13,1,7.0,45,1.2
925,ErrorWithLevel,0,2,0,0,0,0,0,0,0,0.0,0,0.0
926,DeadAssignmentsElimination,10,3,134,2,61,16,0,11,5,18.1,112,2.042
927,Scope,26,7,56,2,9,2,0,3,17,11.692,106,7.193
928,Var,30,9,40,2,4,1,0,2,21,11.067,35,9.184
929,Arguments,2,0,5,0,4,1,0,2,1,7.0,13,3.4
930,PassFactory,4,2,0,0,1,0,0,1,5,10.0,39,37.0
931,Denormalize,4,1,35,2,33,9,0,4,2,14.0,66,2.444
932,StripConstantAnnotations,2,1,8,1,3,1,0,0,0,6.0,0,0.0
933,ReferenceCollectingCallback,11,6,49,3,13,4,0,3,10,10.818,59,4.512
934,ReferenceMapWrapper,1,1,2,1,1,0,0,1,0,13.0,0,0.0
935,ReferenceCollection,12,1,43,1,13,4,0,4,10,20.333,68,3.524
936,Reference,19,6,46,1,4,1,0,2,5,14.526,17,3.636
937,BasicBlock,3,4,4,0,12,4,0,4,3,16.333,49,6.643
938,NameAnonymousFunctionsMapped,2,9,5,1,5,1,0,1,2,10.5,64,16.667
939,MappedFunctionNamer,4,1,11,1,10,3,0,2,1,13.25,44,2.824
940,JsMessageVisitor,24,26,215,1,60,13,9,7,23,21.708,100,3.793
941,MalformedException,1,2,0,0,1,0,0,1,0,7.0,0,0.0
942,MessageLocation,0,2,0,0,0,0,0,0,0,0.0,0,0.0
943,OptimizeParameters,17,2,134,2,26,8,0,8,12,19.059,47,1.765
944,Parameter,7,4,7,0,1,0,0,1,1,14.429,15,2.714
945,CodeConsumer,34,3,67,0,25,7,0,1,11,12.206,56,3.082
946,TypedScopeCreator,8,17,81,1,26,5,0,2,4,18.5,67,2.216
947,DeferredSetType,1,2,2,0,1,0,0,0,1,7.0,22,26.0
948,DiscoverEnumsAndTypedefs,2,1,22,0,11,4,0,0,0,10.5,0,0.0
949,AbstractScopeBuilder,32,7,492,1,46,15,0,9,24,19.062,148,2.659
950,CollectProperties,2,1,23,0,7,2,0,1,1,11.5,15,1.357
951,StubDeclaration,0,3,0,0,0,0,0,0,1,0.0,7,0.0
952,GlobalScopeBuilder,3,0,20,0,14,4,0,2,3,15.0,34,3.818
953,LocalScopeBuilder,4,0,51,0,24,9,0,2,5,11.5,37,1.8
954,FirstOrderFunctionAnalyzer,3,2,44,1,26,10,0,2,1,7.333,22,0.735
955,RenameVars,10,21,70,1,30,7,1,3,7,16.0,27,1.31
956,Assignment,1,4,1,0,2,0,0,0,1,10.0,4,3.5
957,ProcessVars,4,1,40,1,40,12,0,6,1,8.0,134,2.962
958,ProcessTweaks,6,13,51,1,15,4,0,1,6,23.5,106,4.04
959,CollectTweaksResult,0,2,0,0,0,0,0,0,0,0.0,0,0.0
960,CollectTweaks,1,2,39,0,44,11,0,4,1,5.0,7,0.205
961,TweakFunctionCall,1,4,2,0,1,0,0,1,1,9.0,10,12.0
962,TweakInfo,8,4,24,0,12,5,0,3,4,17.75,29,2.559
963,FunctionInjector,18,9,151,0,30,10,4,6,18,20.667,71,2.629
964,Reference,0,3,0,0,0,0,0,0,1,0.0,11,0.0
965,ControlFlowGraph,6,2,14,0,11,2,0,7,7,18.167,40,11.125
966,AbstractCfgNodeTraversalCallback,1,0,1,1,4,1,0,2,1,14.0,53,14.25
967,ExpandJqueryAliases,10,9,242,1,53,15,0,4,4,21.7,51,0.921
968,FindCallbackArgumentReferences,4,5,17,1,11,4,0,1,2,8.5,27,3.333
969,ProcessClosurePrimitives,21,23,308,1,53,17,0,5,18,20.19,48,1.429
970,ProvidedName,13,8,91,0,39,7,0,2,10,16.923,35,2.103
971,UnrecognizedRequire,0,3,0,0,0,0,0,0,1,0.0,8,0.0
972,CheckGlobalThis,4,3,40,1,30,11,0,6,3,13.75,140,4.863
973,WarningsGuard,4,0,0,1,1,0,0,1,5,7.75,126,115.333
974,FlowSensitiveInlineVariables,6,7,40,2,23,5,0,2,3,9.0,93,4.675
975,GatherCandiates,1,0,19,0,18,6,0,4,1,5.0,45,2.778
976,Candidate,5,6,69,0,50,16,0,17,4,14.0,17,0.741
977,NameAnonymousFunctions,1,5,3,1,2,0,0,0,1,7.0,40,25.5
978,AnonymousFunctionNamer,4,1,6,1,4,0,0,1,2,16.0,44,9.714
979,SimpleRegion,3,3,3,1,1,0,0,1,1,19.0,2,1.667
980,CheckGlobalNames,9,9,79,1,25,9,0,6,4,18.222,42,1.349
981,InvocationsCallback,2,0,9,0,10,3,0,3,2,5.0,31,7.9
982,AbstractMessageFormatter,5,3,7,1,4,1,0,3,2,12.4,15,2.8
983,ExtractPrototypeMemberDeclarations,4,3,44,1,14,4,0,0,4,16.75,235,13.133
984,GatherExtractionInfo,2,2,9,0,13,4,0,1,2,9.0,20,2.643
985,ExtractionInstance,1,3,0,0,1,0,0,1,1,11.0,20,24.0
986,PrototypeMemberDeclaration,2,4,4,0,4,1,0,2,2,14.5,15,6.8
987,Result,0,13,0,0,0,0,0,0,1,0.0,2,0.0
988,CodeGenerator,32,8,512,0,409,50,7,4,16,15.062,51,0.524
989,ReplaceStrings,17,12,115,1,26,8,0,3,13,15.412,101,3.264
990,Config,0,3,0,0,0,0,0,0,1,0.0,11,0.0
991,Result,1,3,4,0,1,0,0,0,1,11.0,5,8.0
992,Location,0,3,0,0,0,0,0,0,1,0.0,8,0.0
993,ShowByPathWarningsGuard,2,2,3,0,1,0,0,1,1,8.0,17,10.5
994,CollapseProperties,22,8,288,1,42,10,0,2,20,26.227,249,4.635
995,FunctionArgumentInjector,11,1,105,0,32,9,0,3,11,21.727,84,4.026
996,ReferencedAfterSideEffect,6,5,25,2,21,8,0,2,3,9.667,141,3.978
997,TypeInference,49,9,538,0,69,14,0,3,18,18.898,143,1.283
998,TemplateTypeReplacer,1,3,3,0,2,0,0,1,0,16.0,0,0.0
999,BooleanOutcomePair,2,5,2,0,8,2,0,2,3,18.5,36,6.0
1000,RemoveUnusedPrototypeProperties,4,5,16,1,22,7,0,3,3,20.0,14,0.886
1001,RecordFunctionInformation,4,4,39,1,10,2,0,2,3,9.5,75,3.885
1002,LightweightMessageFormatter,4,2,26,0,27,6,0,1,1,10.75,17,0.733
1003,LineNumberingFormatter,2,0,27,1,31,6,0,4,1,11.0,27,1.031
1004,RemoveUnusedNames,2,3,12,1,9,3,0,0,2,14.5,14,2.273
1005,CodingConventions,1,0,0,0,1,0,0,1,2,10.0,7,17.0
1006,Proxy,33,1,65,1,1,0,0,1,1,21.152,56,2.0
1007,DefaultCodingConvention,34,1,64,1,20,7,1,5,1,20.765,13,0.327
1008,GlobalVarReferenceMap,7,2,57,1,14,3,0,2,5,21.429,78,3.688
1009,SourceRefRange,2,3,3,0,1,0,0,1,2,9.5,10,12.0
1010,GlobalVarRefCleanupPass,2,1,5,1,3,1,0,0,1,10.0,30,11.667
1011,InlineObjectLiterals,1,3,2,1,1,0,0,0,1,7.0,36,45.0
1012,InliningBehavior,9,1,172,1,44,14,0,8,8,18.667,33,1.449
1013,FunctionToBlockMutator,14,2,130,0,23,6,0,2,15,21.143,83,3.858
1014,LabelNameSupplier,1,1,2,1,1,0,0,1,0,3.0,0,0.0
1015,Normalize,5,5,20,1,13,3,1,1,2,21.0,163,8.417
1016,FindExposeAnnotations,2,1,15,0,8,3,0,1,1,9.5,5,0.889
1017,RewriteExposedProperties,1,1,16,0,12,4,0,0,1,5.0,6,0.833
1018,PropagateConstantAnnotationsOverVars,2,2,18,1,14,5,1,1,1,6.0,7,0.667
1019,VerifyConstants,2,3,27,1,30,8,0,1,1,6.0,12,0.455
1020,NormalizeStatements,12,2,118,1,25,6,1,2,10,18.917,68,3.233
1021,DuplicateDeclarationHandler,2,1,47,1,23,7,1,1,3,19.5,148,4.488
1022,ScopeTicklingCallback,4,0,5,1,1,0,0,1,1,9.5,9,6.0
1023,JSError,16,8,29,0,25,8,0,9,13,8.0,49,7.833
1024,AliasKeywords,9,11,30,1,8,3,0,3,9,17.778,55,5.026
1025,FindAliasableNodes,3,0,11,0,6,2,1,0,3,12.0,15,4.6
1026,AliasSpecification,8,4,13,0,6,2,0,2,6,16.75,46,11.267
1027,ThrowAliasSpecification,3,0,12,0,2,0,0,1,1,20.0,7,2.25
1028,KeywordAliasSpecification,3,0,13,0,3,0,0,1,1,20.0,9,2.0
1029,VoidKeywordAliasSpecification,4,0,18,0,3,1,0,1,1,16.25,9,1.25
1030,NodeUtil,156,13,843,0,61,18,2,42,134,16.801,132,3.665
1031,NumbericResultPredicate,1,0,2,1,1,0,0,1,0,5.0,0,0.0
1032,BooleanResultPredicate,1,0,2,1,1,0,0,1,0,5.0,0,0.0
1033,MayBeStringResultPredicate,1,0,2,1,1,0,0,1,0,5.0,0,0.0
1034,VarCollector,1,1,7,1,7,3,0,0,0,5.0,0,0.0
1035,MatchNameNode,1,1,4,1,1,0,0,1,1,5.0,10,13.0
1036,MatchNodeType,1,1,2,1,1,0,0,1,1,5.0,9,12.0
1037,MatchDeclaration,1,0,3,1,1,0,0,1,1,5.0,8,11.0
1038,MatchNotFunction,1,0,2,1,1,0,0,1,1,5.0,8,11.0
1039,MatchShallowStatement,1,0,6,1,1,0,0,1,1,5.0,10,13.0
1040,SourceMap,8,3,26,0,17,5,0,3,3,12.75,21,1.625
1041,LocationMapping,0,2,0,0,0,0,0,0,0,0.0,0,0.0
1042,InlineProperties,5,4,49,1,12,4,0,3,4,15.4,75,3.971
1043,PropertyInfo,0,2,0,0,0,0,0,0,0,0.0,0,0.0
1044,GatherCandidates,6,0,49,0,29,8,0,2,1,19.833,11,0.264
1045,ReplaceCandidates,2,0,21,0,9,3,0,2,0,9.5,0,0.0
1046,CompilerOptions,209,167,248,2,15,4,1,1,80,21.407,72,5.312
1047,NullAliasTransformationHandler,1,2,2,2,2,0,0,1,0,22.0,0,0.0
1048,NullAliasTransformation,1,1,1,2,0,0,0,0,0,8.0,0,0.0
1049,ReorderConstantExpression,1,0,17,0,11,3,0,1,1,15.0,31,3.909
1050,GoogleJsMessageIdGenerator,1,1,8,1,9,2,0,1,1,10.0,92,10.556
1051,FP,3,0,4,0,73,2,0,1,3,9.333,16,0.481
1052,MessageId,1,0,3,0,4,1,0,1,1,10.0,49,14.25
1053,GenerateExports,3,4,55,1,30,8,0,1,2,10.0,20,1.091
1054,GoogleCodingConvention,7,4,26,0,10,3,0,3,6,13.286,99,12.684
1055,AliasExternals,16,15,103,1,29,10,0,3,12,15.688,290,6.141
1056,GetAliasableNames,1,1,12,0,4,2,0,0,1,5.0,7,2.25
1057,PropertyGatherer,3,0,29,0,10,3,0,1,3,15.667,76,12.917
1058,GetGlobals,2,0,20,0,7,3,0,0,1,9.0,7,0.643
1059,GlobalGatherer,1,0,20,0,16,5,0,1,1,5.0,17,1.312
1060,Symbol,2,9,6,0,4,1,0,0,1,13.5,7,1.25
1061,CheckSuspiciousCode,5,2,28,0,8,2,0,0,1,12.2,32,2.2
1062,PeepholeRemoveDeadCode,28,0,377,0,66,16,0,12,27,16.75,51,1.31
1063,InstrumentFunctions,1,10,19,1,18,4,0,1,1,7.0,177,11.056
1064,RemoveCallback,1,1,8,0,8,3,0,0,1,5.0,44,6.375
1065,InstrumentReturns,5,1,26,1,8,2,0,2,3,13.0,67,5.478
1066,InstrumentCallback,1,0,33,0,31,8,0,2,0,5.0,0,0.0
1067,MakeDeclaredNamesUnique,7,3,66,1,19,4,0,2,3,14.286,33,1.152
1068,ContextualRenameInverter,12,4,52,2,11,3,0,2,6,13.417,26,1.868
1069,ContextualRenamer,7,4,13,1,12,4,0,1,4,15.429,58,5.833
1070,InlineRenamer,5,4,15,1,7,2,0,2,1,15.8,31,2.786
1071,BoilerplateRenamer,1,2,1,0,1,0,0,1,1,13.0,14,18.0
1072,WhitelistedRenamer,4,2,10,1,3,1,0,1,1,16.5,10,2.0
1073,ReplaceIdGenerators,6,10,52,1,30,6,0,4,2,17.667,15,0.569
1074,ObfuscatedNameSuppier,2,3,4,1,4,1,0,1,0,12.0,0,0.0
1075,PseudoNameSuppier,2,2,2,1,4,1,0,2,0,12.0,0,0.0
1076,StableNameSupplier,2,0,4,1,1,0,0,1,0,12.0,0,0.0
1077,GatherGenerators,1,0,32,0,31,9,0,3,0,5.0,0,0.0
1078,ReplaceGenerators,1,0,31,0,33,9,0,5,0,5.0,0,0.0
1079,CommandLineRunner,10,3,121,0,41,7,1,2,5,15.1,125,2.089
1080,Flags,1,54,5,0,3,0,0,1,1,10.0,138,51.667
1081,BooleanOptionHandler,2,2,10,0,18,3,0,3,0,18.0,0,0.0
1082,WarningGuardErrorOptionHandler,0,0,0,0,0,0,0,0,0,0.0,0,0.0
1083,WarningGuardWarningOptionHandler,0,0,0,0,0,0,0,0,0,0.0,0,0.0
1084,WarningGuardOffOptionHandler,0,0,0,0,0,0,0,0,0,0.0,0,0.0
1085,WarningGuardSetter,3,2,7,1,2,0,0,1,0,9.333,0,0.0
1086,ExternExportsPass,6,10,48,1,16,6,0,3,2,14.333,13,0.543
1087,Export,11,2,92,0,16,4,0,5,8,19.273,63,3.692
1088,SymbolExport,1,0,0,0,1,0,0,1,1,15.0,3,6.0
1089,PropertyExport,1,1,12,0,9,3,0,2,1,15.0,3,0.667
1090,SyntacticScopeCreator,6,7,72,1,28,6,0,5,5,15.667,38,1.838
1091,DefaultRedeclarationHandler,1,0,17,1,11,4,0,1,1,15.0,6,0.818
1092,ExploitAssigns,6,0,63,0,39,8,0,8,6,16.833,80,3.212
1093,ClosureCodingConvention,24,4,120,0,28,9,0,7,9,21.125,23,1.356
1094,AssertInstanceofSpec,1,0,9,0,8,3,0,2,2,15.0,22,6.0
1095,DependencyOptions,9,5,6,1,3,0,0,1,6,18.222,108,28.429
1096,TypeValidator,33,17,228,0,30,10,0,5,25,17.424,106,5.871
1097,TypeMismatch,3,3,8,0,4,1,0,2,1,7.333,31,6.0
1098,SimpleDefinitionFinder,13,4,90,2,20,7,0,5,9,17.846,67,2.379
1099,DefinitionGatheringCallback,2,1,37,0,44,17,0,1,1,15.0,11,0.311
1100,UseSiteGatheringCallback,1,0,10,0,5,1,0,1,0,5.0,0,0.0
1101,JsAst,6,6,26,1,12,1,0,1,1,9.833,8,0.522
1102,RenameProperties,5,14,64,1,41,9,0,1,5,14.6,89,3.836
1103,ProcessExterns,1,0,11,0,9,3,0,0,1,5.0,8,1.222
1104,ProcessProperties,6,1,73,1,42,12,0,1,4,14.0,29,1.133
1105,Property,0,4,0,0,0,0,0,0,1,0.0,8,0.0
1106,PropertyAffinity,1,1,0,0,1,0,0,0,0,8.0,0,0.0
1107,AbstractStaticScope,5,0,5,1,1,0,0,1,1,11.0,14,4.0
1108,BaseJSTypeTestCase,18,56,202,0,103,0,0,1,4,15.611,14,0.318
1109,MapBasedScope,2,1,3,0,1,0,0,1,1,8.5,13,7.5
1110,TestErrorReporter,7,4,10,1,5,1,0,1,3,14.286,35,4.059
1111,Asserts,9,0,69,0,20,1,0,1,4,19.889,17,1.308
1112,NoType,11,1,11,0,1,0,0,1,1,13.909,100,9.818
1113,PrototypeObjectType,29,8,128,0,28,10,0,7,4,17.517,105,1.32
1114,VoidType,10,1,16,0,7,2,0,3,1,17.4,10,0.812
1115,FunctionParamBuilder,9,2,36,0,8,2,0,2,6,15.444,39,4.057
1116,NumberType,11,1,16,0,7,2,0,3,1,15.818,2,0.294
1117,PropertyMap,14,5,34,1,16,6,0,4,3,14.357,15,0.789
1118,RecordTypeBuilder,3,4,6,0,6,1,0,2,4,10.0,52,8.091
1119,RecordProperty,2,2,2,0,1,0,0,1,0,11.0,0,0.0
1120,RecordType,8,3,54,0,26,9,0,4,3,16.5,102,2.194
1121,Property,12,6,11,3,1,0,0,1,1,10.167,12,1.167
1122,ErrorFunctionType,0,1,0,0,0,0,0,0,1,0.0,8,0.0
1123,NullType,11,1,17,0,10,3,0,4,1,16.727,2,0.25
1124,JSType,118,15,318,1,47,16,1,15,85,15.517,235,8.115
1125,TypePair,0,2,0,0,0,0,0,0,0,0.0,0,0.0
1126,ProxyObjectType,56,3,104,0,6,1,0,2,1,15.429,14,0.292
1127,ModificationVisitor,18,1,67,1,32,9,0,4,1,14.833,13,0.225
1128,JSTypeRegistry,84,18,537,1,70,15,1,14,69,20.298,94,5.359
1129,UnknownType,20,2,19,0,1,0,0,1,1,14.85,4,0.35
1130,SimpleSlot,5,4,5,2,1,0,0,1,1,10.8,12,2.8
1131,AllType,12,1,11,0,1,0,0,1,1,14.167,5,0.667
1132,StringType,10,1,15,0,7,2,0,3,1,16.4,2,0.312
1133,FunctionType,70,10,376,0,29,7,1,7,40,16.857,51,2.07
1134,CanCastToVisitor,15,0,58,1,22,7,0,8,1,14.8,6,0.15
1135,IndexedType,1,2,1,0,1,0,0,1,1,12.0,22,26.0
1136,UnresolvedTypeExpression,1,3,1,0,1,0,0,1,2,15.0,74,94.0
1137,ValueType,3,0,2,0,1,0,0,1,1,11.333,7,3.333
1138,InstanceObjectType,18,2,65,0,8,2,0,2,2,15.833,20,1.188
1139,TemplateType,6,2,6,0,1,0,0,1,0,14.333,0,0.0
1140,EnumType,17,4,29,0,4,1,0,2,5,13.765,34,5.136
1141,SimpleSourceFile,6,2,6,1,4,1,1,1,1,11.333,14,1.889
1142,UnionType,38,3,140,0,23,8,0,4,9,15.579,97,2.042
1143,UnionTypeBuilder,5,10,62,1,79,23,0,9,4,15.6,24,0.761
1144,ObjectType,55,3,114,1,15,4,0,4,43,16.745,139,12.631
1145,SimpleReference,4,2,5,1,1,0,0,1,1,9.25,10,3.0
1146,FunctionBuilder,14,10,22,0,9,0,0,1,15,13.929,26,4.139
1147,BooleanType,11,1,17,0,7,2,0,3,1,15.909,2,0.294
1148,NamedType,20,7,83,0,22,7,0,7,6,16.65,260,3.487
1149,PropertyContinuation,1,4,1,0,1,0,0,0,1,6.0,11,13.0
1150,NoResolvedType,4,1,5,0,5,1,0,2,1,11.75,85,11.75
1151,ParameterizedType,11,2,38,0,20,6,0,6,2,15.909,32,1.543
1152,EnumElementType,25,4,46,0,5,1,0,2,5,13.44,117,5.487
1153,NoObjectType,17,1,20,0,5,1,0,2,1,14.529,96,5.3
1154,ArrowType,15,4,59,0,32,11,1,6,2,17.0,43,0.637
1155,ScriptRuntime,10,2,37,0,82,23,1,4,3,14.2,16,0.29
1156,Node,189,22,468,2,43,13,2,20,69,11.91,60,2.405
1157,NumberNode,3,2,3,0,6,2,0,2,0,10.667,0,0.0
1158,StringNode,5,2,7,0,4,1,1,1,4,12.2,40,10.875
1159,AbstractPropListItem,3,3,2,2,1,0,0,1,0,6.333,0,0.0
1160,ObjectPropListItem,4,2,6,0,1,0,1,1,0,9.5,0,0.0
1161,IntPropListItem,4,2,6,0,1,0,1,1,0,9.5,0,0.0
1162,SiblingNodeIterable,4,3,6,2,6,1,1,2,1,6.25,3,0.357
1163,AncestorIterable,1,1,3,1,7,1,2,3,1,8.0,7,1.429
1164,FileLevelJsDocBuilder,1,0,5,0,8,2,0,0,1,6.0,57,7.125
1165,SideEffectFlags,11,1,17,0,3,0,0,1,4,14.091,21,5.0
1166,NodeMismatch,2,2,5,0,4,1,0,2,0,7.0,0,0.0
1167,SourcePosition,7,5,7,0,13,3,2,1,8,14.286,20,5.421
1168,SimpleErrorReporter,5,2,14,1,13,3,0,2,3,9.4,19,2.348
1169,JSTypeExpression,7,3,14,1,5,1,0,2,6,9.429,24,8.75
1170,TokenStream,2,0,47,0,260,42,0,3,1,11.5,23,0.104
1171,JSDocInfo,133,39,233,1,36,14,1,3,92,13.827,74,5.036
1172,LazilyInitializedInfo,0,14,0,1,0,0,0,0,0,0.0,0,0.0
1173,LazilyInitializedDocumentation,0,10,0,0,0,0,0,0,0,0.0,0,0.0
1174,StringPosition,0,0,0,0,0,0,0,0,1,0.0,15,0.0
1175,TrimmedStringPosition,1,0,5,0,2,0,0,0,1,7.0,22,13.0
1176,NamePosition,0,0,0,0,0,0,0,0,1,0.0,16,0.0
1177,TypePosition,2,1,1,0,1,0,0,1,2,12.5,18,16.5
1178,Marker,10,5,5,0,1,0,0,1,6,10.4,71,16.7
1179,JSDocInfoBuilder,68,4,220,0,10,1,0,2,68,16.691,61,4.757
1180,Token,1,2,1,0,103,1,1,101,1,4.0,23,0.272
1181,IR,75,0,201,0,6,1,0,3,6,7.693,19,0.451
1182,InputId,4,2,9,1,7,3,0,4,1,7.75,13,1.5
