,Unnamed: 0,class,MTH,FLD,RFC,INT,SZ,CPX,EX,RET,BCM,NML,WRD,DCM,buggy
0,0,Base64VLQTest,6,0,17,0,11,2,1,0,1,23.667,6,0.25,0
1,1,SourceMapTestCase,17,3,73,0,23,7,1,1,5,11.647,19,0.915,0
2,2,Base64Test,3,0,16,0,5,1,0,0,1,12.667,6,0.778,0
3,3,SourceMapGeneratorV1Test,18,0,39,0,4,0,0,1,1,18.667,4,0.333,0
4,4,SourceMapConsumerV1Test,16,0,235,0,31,1,0,0,0,20.938,0,0.0,0
5,5,SourceMapConsumerV2Test,8,0,80,0,20,0,0,0,0,20.25,0,0.0,0
6,6,SourceMapGeneratorV3Test,25,0,105,0,10,2,0,1,1,18.52,6,0.121,0
7,7,SourceMapGeneratorV2Test,21,0,112,0,18,0,0,1,1,18.0,4,0.133,0
8,8,JsonMLConversionTest,40,0,384,0,45,0,0,1,1,12.675,15,0.053,0
9,9,SecureCompilerTest,5,2,19,0,4,0,0,0,1,13.6,11,1.5,0
10,10,JsonMLValidationTest,42,0,179,0,6,1,0,0,1,22.048,12,0.11,0
11,11,GraphTest,18,0,352,0,38,2,0,0,1,20.333,6,0.045,0
12,12,GraphPrunerTest,5,0,91,0,12,0,0,0,1,23.4,6,0.149,0
13,13,GraphReachabilityTest,3,2,40,0,37,0,0,0,1,14.333,4,0.205,0
14,14,GraphColoringTest,8,0,120,0,21,4,0,2,2,17.25,13,0.25,0
15,15,StandardUnionFindTest,16,1,199,0,19,0,0,0,3,14.812,31,0.54,0
16,16,CompileEachLineOfProgramOutput,3,2,25,0,33,4,1,1,0,5.333,0,0.0,0
17,17,CharRangesTest,7,1,132,0,19,5,0,0,0,18.857,0,0.0,0
18,18,JsFunctionParserTest,6,4,78,0,14,0,0,0,2,14.667,17,0.889,0
19,19,SortedDependenciesTest,9,0,103,0,11,0,0,1,1,10.444,10,0.462,0
20,20,JsFileParserTest,11,4,56,0,3,0,0,0,3,14.727,16,2.867,0
21,21,DepsFileParserTest,6,4,34,0,3,0,0,0,2,13.5,25,3.0,0
22,22,JsFileLineParserTest,12,2,24,0,2,0,0,0,1,13.167,10,0.929,0
23,23,JsDocInfoParserTest,421,3,1861,0,17,4,0,2,5,20.183,81,0.496,0
24,24,IRFactoryTest,64,6,483,0,16,1,0,1,1,16.578,3,0.029,0
25,25,ParserTest,111,7,730,0,46,1,1,1,2,23.649,23,0.143,0
26,26,JsDocTokenStreamTest,22,0,153,0,11,3,0,0,1,22.455,4,0.075,0
27,27,LinkedFlowScopeTest,15,7,219,0,18,4,0,1,4,12.0,17,0.567,0
28,28,RuntimeTypeCheckTest,24,0,49,0,2,0,0,1,1,16.5,4,0.308,0
29,29,FunctionTypeBuilderTest,9,0,25,0,4,1,0,1,1,26.889,5,0.75,0
30,30,OptimizeCallsTest,4,0,11,0,6,0,0,1,1,35.0,6,1.111,0
31,31,PeepholeSubstituteAlternateSyntaxTest,59,2,487,0,42,1,0,1,4,19.542,17,0.098,0
32,32,MemoizedScopeCreatorTest,2,0,12,0,6,0,0,0,1,18.0,30,3.667,0
33,33,SimpleFunctionAliasAnalysisTest,7,2,44,0,27,0,0,1,1,21.857,10,0.277,0
34,34,NameAnonymousFunctionsTest,15,1,31,0,3,0,0,1,1,25.933,5,0.529,0
35,35,CompilerOptionsTest,2,0,19,0,8,0,0,0,1,13.5,10,1.333,0
36,36,FunctionArgumentInjectorTest,45,1,187,0,17,5,0,3,1,29.844,9,0.125,0
37,37,ControlStructureCheckTest,24,4,47,0,3,0,0,1,1,20.167,6,0.385,0
38,38,PeepholeIntegrationTest,42,1,168,0,14,0,0,1,4,20.833,8,0.248,0
39,39,ObjectPropertyStringPreprocessTest,9,0,12,0,1,0,0,1,1,18.333,4,0.889,0
40,40,AliasStringsTest,16,5,62,0,9,1,0,1,1,17.5,4,0.136,0
41,41,SpecializeModuleTest,14,4,41,0,3,0,0,1,1,35.0,10,0.722,0
42,42,JsMessageExtractorTest,13,0,150,0,7,0,0,2,1,21.692,5,0.2,0
43,43,NameAnalyzerTest,336,1,669,0,2,0,0,1,3,22.06,18,0.156,0
44,44,TypeValidatorTest,9,1,44,0,2,0,0,1,1,15.889,9,0.733,0
45,45,SideEffectsAnalysisTest,17,5,81,0,16,1,0,1,1,21.824,10,0.171,0
46,46,MoveFunctionDeclarationsTest,5,0,10,0,2,0,0,1,1,25.0,4,1.333,0
47,47,AliasExternalsTest,28,5,84,0,12,0,0,1,12,22.607,23,3.113,0
48,48,XtbMessageBundleTest,1,2,17,0,8,0,0,0,1,4.0,3,0.875,0
49,49,CheckGlobalNamesTest,47,4,111,0,6,1,0,2,1,26.745,11,0.203,0
50,50,NodeTraversalTest,7,0,66,0,9,0,1,1,1,20.0,4,0.212,0
51,51,CombinedCompilerPassTest,6,1,61,0,13,2,0,1,2,15.5,53,1.838,0
52,52,FunctionRewriterTest,20,5,47,0,10,2,0,1,1,19.4,4,0.216,0
53,53,ExtractPrototypeMemberDeclarationsTest,20,2,77,0,7,2,0,2,1,24.5,4,0.163,0
54,54,DeadAssignmentsEliminationTest,52,0,211,0,18,0,0,1,2,18.942,4,0.079,0
55,55,StatementFusionTest,15,0,43,0,5,0,0,1,1,16.267,5,0.281,0
56,56,RenamePropertiesTest,44,5,108,0,7,0,0,1,1,31.477,3,0.103,0
57,57,ProcessClosurePrimitivesTest,83,5,300,0,25,7,0,2,1,24.88,4,0.041,0
58,58,CallGraphTest,44,4,617,0,27,3,1,1,6,32.091,63,0.699,0
59,59,PeepholeRemoveDeadCodeTest,83,1,338,0,34,0,0,1,2,17.614,16,0.115,0
60,60,CheckUnreachableCodeTest,22,0,84,0,8,0,0,1,1,21.591,4,0.123,0
61,61,FunctionInjectorTest,143,5,378,0,21,4,0,3,2,30.524,20,0.224,0
62,62,RhinoErrorReporterTest,7,1,44,0,6,1,0,1,4,14.857,11,2.037,0
63,63,GroupVariableDeclarationsTest,9,0,36,0,13,0,0,1,0,27.333,0,0.0,0
64,64,InlineObjectLiteralsTest,35,2,90,0,10,0,0,1,1,11.886,17,0.373,0
65,65,CheckPathsBetweenNodesTest,15,3,222,0,17,0,0,2,8,13.333,28,1.144,0
66,66,NormalizeTest,38,1,187,0,18,1,0,1,1,18.737,6,0.058,0
67,67,CodePrinterTest,88,1,620,0,124,3,0,1,0,17.83,0,0.0,0
68,68,CheckGlobalThisTest,50,0,98,0,2,0,0,1,1,16.46,3,0.118,0
69,69,PeepholeFoldConstantsTest,72,2,864,0,80,6,0,1,1,18.014,18,0.03,0
70,70,ExpressionDecomposerTest,47,0,189,0,15,5,0,4,3,20.383,29,0.37,0
71,71,ClosureCodingConventionTest,33,1,207,0,22,0,0,1,1,22.121,5,0.08,0
72,72,CreateSyntheticBlocksTest,16,2,33,0,6,0,0,1,1,16.875,4,0.364,0
73,73,RenameVarsTest,50,10,149,0,8,1,0,2,1,26.32,4,0.049,0
74,74,SyntacticScopeCreatorTest,9,0,64,0,8,0,0,1,4,17.222,14,1.733,0
75,75,ClosureCodeRemovalTest,11,1,20,0,1,0,0,1,1,22.818,10,1.182,0
76,76,PhaseOptimizerTest,21,4,122,0,14,1,0,2,1,13.333,10,0.16,0
77,77,SanityCheckTest,6,1,35,0,11,0,0,1,1,17.333,6,0.212,0
78,78,CheckSideEffectsTest,10,2,48,0,18,0,0,1,0,13.0,0,0.0,0
79,79,ExpandJqueryAliasesTest,4,4,26,0,12,0,0,1,1,23.5,4,0.292,0
80,80,ProcessTweaksTest,38,2,97,0,6,1,0,1,1,22.368,6,0.106,0
81,81,CommandLineRunnerTest,126,12,599,0,21,4,1,2,5,20.214,33,0.23,0
82,82,ClosureRewriteClassTest,16,0,41,0,8,0,0,1,1,12.625,10,0.387,0
83,83,AstParallelizerTest,10,1,52,0,11,2,0,0,2,21.6,26,1.31,0
84,84,FixedPointGraphTraversalTest,10,5,78,0,18,0,0,1,1,9.6,9,0.126,0
85,85,InlineVariablesConstantsTest,12,1,45,0,11,0,0,1,1,29.917,17,0.541,0
86,86,VariableMapTest,9,0,104,0,8,2,0,0,1,14.111,4,0.216,0
87,87,BasicErrorManagerTest,12,5,63,0,2,0,0,1,1,17.667,3,0.467,0
88,88,CollapseVariableDeclarationsTest,7,0,25,0,6,0,0,1,1,19.143,5,0.45,0
89,89,InlineVariablesTest,137,2,327,0,10,0,0,1,1,23.672,20,0.122,0
90,90,RemoveTryCatchTest,9,0,20,0,3,0,0,1,0,21.778,0,0.0,0
91,91,SourceMapTest,9,1,19,0,4,1,0,1,1,18.222,6,0.348,0
92,92,InlinePropertiesTest,14,1,26,0,1,0,0,1,1,21.643,6,0.5,0
93,93,SymbolTableTest,58,2,701,0,13,2,0,2,3,23.431,15,0.143,0
94,94,ExploitAssignsTest,9,0,67,0,30,0,0,1,1,19.444,17,0.317,0
95,95,AliasKeywordsTest,13,4,87,0,11,1,0,1,4,17.923,31,1.138,0
96,96,CheckMissingReturnTest,13,0,67,0,16,0,0,1,3,15.538,6,0.4,0
97,97,NameAnonymousFunctionsMappedTest,19,3,63,0,6,1,0,1,1,23.0,5,0.191,0
98,98,CheckRequiresForConstructorsTest,25,0,56,0,10,2,0,1,1,31.04,4,0.222,0
99,99,GlobalVarReferenceMapTest,6,22,131,0,20,3,0,0,5,38.167,12,0.725,0
100,100,TypeCheckTest,1178,1,2914,0,19,4,0,1,14,19.464,28,0.19,0
101,101,CheckProvidesTest,11,0,21,0,2,0,0,1,1,26.818,4,0.667,0
102,102,CoalesceVariableNamesTest,34,1,101,0,13,1,0,1,1,15.471,5,0.115,0
103,103,ExportTestFunctionsTest,7,2,24,0,7,0,0,1,2,22.714,27,2.136,0
104,104,ProcessCommonJSModulesTest,10,0,71,0,10,2,0,1,1,14.6,5,0.211,0
105,105,IntegrationTestCase,15,4,77,0,11,3,0,1,7,8.0,16,2.373,0
106,106,LooseTypeCheckTest,805,0,2137,0,19,4,0,1,14,19.33,31,0.3,0
107,107,InlineCostEstimatorTest,5,0,28,0,13,0,0,1,1,6.8,11,0.65,0
108,108,MakeDeclaredNamesUniqueTest,21,4,79,0,12,2,0,2,1,22.429,6,0.073,0
109,109,PeepholeSimplifyRegExpTest,16,0,170,0,41,0,0,1,0,19.812,0,0.0,0
110,110,ReplaceStringsTest,35,4,86,0,7,1,0,1,1,18.057,4,0.14,0
111,111,ReplaceIdGeneratorsTest,22,3,53,0,4,0,0,1,1,17.773,4,0.174,0
112,112,ConstCheckTest,31,0,59,0,1,0,0,1,1,27.387,3,0.226,0
113,113,ShadowVariablesTest,23,1,49,0,4,0,0,1,2,20.435,13,0.553,0
114,114,NodeIteratorsTest,19,0,64,0,15,4,0,0,3,20.263,26,1.361,0
115,115,GenerateExportsTest,14,1,23,0,2,0,0,1,3,17.714,10,2.4,0
116,116,CheckSuspiciousCodeTest,9,0,59,0,19,0,0,1,1,13.778,3,0.109,0
117,117,GlobalNamespaceTest,3,0,35,0,9,0,0,1,1,20.333,10,0.684,0
118,118,CompilerTestCase,59,17,231,0,107,27,1,2,53,11.559,105,9.294,0
119,119,SimpleDefinitionFinderTest,16,1,98,0,9,0,0,1,1,18.625,4,0.16,0
120,120,CrossModuleMethodMotionTest,26,3,78,0,5,0,0,1,1,22.077,10,0.382,0
121,121,GoogleCodingConventionTest,19,1,128,0,15,0,0,1,1,22.737,5,0.145,0
122,122,IgnoreCajaPropertiesTest,8,1,17,0,3,0,0,1,1,13.875,3,0.583,0
123,123,CompilerTest,8,0,103,0,9,0,0,1,1,26.875,6,0.159,0
124,124,LightweightMessageFormatterTest,16,1,55,0,3,0,1,2,0,18.875,0,0.0,0
125,125,ObjectPropertyStringPostprocessTest,6,0,7,0,1,0,0,1,1,12.833,4,1.333,0
126,126,MustBeReachingVariableDefTest,23,4,94,0,10,0,0,0,4,20.261,14,0.758,0
127,127,AmbiguatePropertiesTest,43,2,105,0,10,1,0,1,1,21.488,6,0.147,0
128,128,PeepholeFoldWithTypesTest,10,0,24,0,3,0,0,1,1,21.7,10,0.812,0
129,129,ReplaceMessagesForChromeTest,9,1,14,0,2,0,0,1,1,23.444,7,1.0,0
130,130,ChainCallsTest,8,0,14,0,2,0,0,1,1,20.0,4,0.8,0
131,131,MinimizeExitPointsTest,12,0,99,0,20,0,0,1,1,18.667,6,0.074,0
132,132,CrossModuleCodeMotionTest,42,1,142,0,7,0,0,1,1,18.238,4,0.14,0
133,133,TightenTypesTest,57,1,396,0,10,0,0,1,10,18.053,15,0.754,0
134,134,SourceInformationAnnotatorTest,2,0,8,0,4,0,0,1,1,18.5,6,1.167,0
135,135,InlineSimpleMethodsTest,38,0,78,0,3,0,0,1,1,20.816,20,0.478,0
136,136,CheckAccessControlsTest,89,0,181,0,3,0,0,1,2,29.393,91,1.221,0
137,137,PrepareAstTest,4,0,43,0,5,0,0,1,1,15.0,9,0.917,0
138,138,ExternExportsPassTest,27,1,70,0,9,1,0,1,6,27.148,48,4.545,0
139,139,CollapsePropertiesTest,231,3,474,0,4,0,0,1,1,30.58,4,0.033,0
140,140,PeepholeOptimizationsPassTest,10,1,46,0,15,2,0,2,3,24.6,24,1.486,0
141,141,PeepholeCollectPropertyAssignmentsTest,35,0,37,0,4,0,0,1,0,25.257,0,0.0,0
142,142,VariableReferenceCheckTest,33,2,66,0,5,1,0,1,5,20.485,14,1.164,0
143,143,RecordFunctionInformationTest,11,0,151,0,7,0,0,1,1,9.182,4,0.276,0
144,144,JsMessageVisitorTest,48,3,427,0,9,0,0,0,1,27.979,10,0.064,0
145,145,CleanupPassesTest,2,2,9,0,1,0,0,0,1,19.5,6,3.5,0
146,146,ConvertToDottedPropertiesTest,5,0,36,0,17,0,0,1,1,13.0,4,0.25,0
147,147,UnreachableCodeEliminationTest,27,1,120,0,12,0,0,1,1,23.63,4,0.082,0
148,148,TypedScopeCreatorTest,121,4,1151,0,14,3,0,2,1,21.983,22,0.058,0
149,149,CheckMissingGetCssNameTest,9,0,22,0,4,0,0,1,1,22.667,6,0.412,0
150,150,RescopeGlobalSymbolsTest,9,1,46,0,9,0,0,1,1,14.556,5,0.22,0
151,151,JSCompilerSourceExcerptProviderTest,9,1,90,0,12,1,0,0,2,22.778,34,0.891,0
152,152,FunctionToBlockMutatorTest,22,0,73,0,11,4,0,3,1,26.364,6,0.143,0
153,153,InstrumentFunctionsTest,17,1,57,0,11,1,0,1,1,13.294,4,0.151,0
154,154,RemoveUnusedClassPropertiesTest,15,1,53,0,6,0,0,1,1,12.067,6,0.175,0
155,155,DisambiguatePropertiesTest,69,2,216,0,10,3,0,1,5,19.551,31,0.844,0
156,156,TypeCheckFunctionCheckTest,21,1,65,0,9,0,0,1,1,20.19,15,0.327,0
157,157,ClosureReverseAbstractInterpreterTest,35,0,114,0,5,0,0,0,0,18.057,0,0.0,0
158,158,RemoveUnusedNamesTest,10,2,17,0,4,0,0,1,1,25.7,10,1.444,0
159,159,PeepholeReplaceKnownMethodsTest,19,1,182,0,40,0,0,1,1,16.0,6,0.059,0
160,160,ReplaceMessagesTest,38,3,161,0,3,0,0,1,1,29.368,7,0.149,0
161,161,CollapseAnonymousFunctionsTest,20,0,38,0,1,0,0,1,1,20.3,4,0.4,0
162,162,JSModuleGraphTest,22,8,280,0,21,2,0,1,1,19.273,4,0.049,0
163,163,DevirtualizePrototypeMethodsTest,50,2,141,0,3,0,0,1,4,25.5,21,0.982,0
164,164,AstValidatorTest,15,1,42,0,8,1,0,1,1,13.667,6,0.156,0
165,165,DefaultCodingConventionTest,21,1,141,0,15,0,0,1,1,22.238,7,0.156,0
166,166,RemoveUnusedPrototypePropertiesTest,32,3,84,0,10,0,0,1,1,22.781,10,0.21,0
167,167,TypeInferenceTest,129,6,690,0,21,4,0,1,1,13.767,3,0.016,0
168,168,NodeUtilTest,82,0,1899,0,64,4,0,3,1,19.659,3,0.006,0
169,169,IntegrationTest,170,2,730,0,17,2,0,1,2,22.082,10,0.036,0
170,170,InferJSDocInfoTest,11,2,108,0,10,3,0,2,1,15.727,10,0.286,0
171,171,VariableVisibilityAnalysisTest,15,2,49,0,6,1,0,1,1,17.333,10,0.31,0
172,172,FlowSensitiveInlineVariablesTest,79,1,197,0,7,0,0,1,1,23.114,5,0.073,0
173,173,GatherSideEffectSubexpressionsCallbackTest,13,0,74,0,8,1,0,1,1,26.385,4,0.154,0
174,174,CheckRegExpTest,3,1,22,0,17,0,0,1,1,11.667,6,0.318,0
175,175,RenameLabelsTest,4,0,18,0,10,0,0,1,1,16.25,4,0.438,0
176,176,MaybeReachingVariableUseTest,14,3,70,0,10,0,0,0,4,13.857,16,1.1,0
177,177,ConcreteTypeTest,12,3,162,0,15,3,0,1,4,12.5,9,0.537,0
178,178,VarCheckTest,52,5,131,0,11,3,0,2,0,25.942,0,0.0,0
179,179,DiagnosticGroupTest,1,0,3,0,1,0,0,0,1,16.0,9,11.0,0
180,180,RenamePrototypesTest,16,3,50,0,9,0,0,1,2,19.562,18,0.923,0
181,181,DataFlowAnalysisTest,13,0,143,0,32,9,0,2,1,28.231,39,0.362,0
182,182,CompilerTypeTestCase,3,4,10,0,6,0,0,1,0,11.333,0,0.0,0
183,183,PureFunctionIdentifierTest,114,4,374,0,13,1,0,1,1,23.64,4,0.051,0
184,184,DenormalizeTest,5,0,23,0,8,0,0,1,1,14.2,6,0.381,0
185,185,RenameLocalVarsTest,13,2,26,0,3,0,0,1,1,20.846,6,0.476,0
186,186,DotFormatterTest,5,0,35,0,6,0,0,0,4,18.8,8,1.947,0
187,187,StripCodeTest,53,1,122,0,10,0,0,1,2,27.943,17,0.463,0
188,188,ControlFlowAnalysisTest,57,0,272,0,9,2,0,2,15,16.772,55,3.152,0
189,189,RemoveUnusedVarsTest,85,3,228,0,21,0,0,1,0,21.541,0,0.0,0
190,190,GatherRawExportsTest,20,2,41,0,2,0,0,1,1,17.35,10,0.591,0
191,191,MarkNoSideEffectCallsTest,23,2,114,0,8,0,0,1,1,18.304,4,0.143,0
192,192,ReplaceCssNamesTest,21,6,107,0,13,0,0,2,1,25.19,4,0.089,0
193,193,ReorderConstantExpressionTest,8,0,48,0,15,0,0,1,4,12.5,20,1.449,0
194,194,FunctionNamesTest,2,1,26,0,23,1,0,1,1,18.0,4,0.32,0
195,195,OptimizeArgumentsArrayTest,20,0,48,0,3,0,0,1,1,30.25,5,0.29,0
196,196,StrictModeCheckTest,40,3,98,0,14,0,0,1,0,14.6,0,0.0,0
197,197,CheckDebuggerStatementTest,8,1,15,0,4,1,0,1,1,24.25,15,1.0,0
198,198,OptimizeReturnsTest,26,1,82,0,7,0,0,1,2,20.808,8,0.6,0
199,199,ScopedAliasesTest,57,4,179,0,10,0,0,1,1,18.053,10,0.125,0
200,200,InlineFunctionsTest,231,7,501,0,6,1,0,1,2,25.502,14,0.084,0
201,201,JsMessageTest,3,0,37,0,5,0,0,0,1,15.0,6,0.875,0
202,202,JSModuleTest,5,5,86,0,15,1,0,0,1,14.0,4,0.205,0
203,203,ClosureOptimizePrimitivesTest,8,0,15,0,1,0,0,1,1,18.625,10,1.625,0
204,204,LiveVariableAnalysisTest,30,1,207,0,19,4,0,3,1,16.067,22,0.165,0
205,205,TransformAMDToCJSModuleTest,11,0,35,0,9,0,0,1,1,15.545,5,0.267,0
206,206,OptimizeParametersTest,58,0,183,0,12,0,0,1,1,28.121,4,0.062,0
207,207,ProcessDefinesTest,44,2,124,0,4,0,0,1,2,20.841,20,0.42,0
208,208,SemanticReverseAbstractInterpreterTest,39,3,303,0,8,2,0,1,16,15.667,19,3.242,0
209,209,DefinitionsRemoverTest,6,0,23,0,6,1,0,1,1,20.333,23,1.381,0
210,210,TernaryValueTest,7,0,91,0,9,0,0,0,1,9.0,39,0.905,0
211,211,JSTypeRegistryTest,11,0,147,0,15,1,0,1,1,22.545,3,0.096,0
212,212,BooleanLiteralSetTest,4,0,88,0,16,0,0,0,1,11.0,3,0.167,0
213,213,UnionTypeBuilderTest,9,0,53,0,8,1,0,1,1,16.222,10,0.448,0
214,214,JSTypeTest,163,22,6444,0,211,5,0,2,73,25.227,56,0.283,0
215,215,RecordTypeTest,7,0,99,0,5,0,0,0,0,21.0,0,0.0,0
216,216,UnionTypeTest,22,1,298,0,25,0,0,0,10,21.773,24,1.077,0
217,217,FunctionParamBuilderTest,1,0,27,0,8,0,0,0,1,9.0,9,1.375,0
218,218,PrototypeObjectTypeTest,1,0,10,0,5,0,0,0,0,12.0,0,0.0,0
219,219,ParameterizedTypeTest,8,0,47,0,11,0,0,1,2,15.875,8,1.053,0
220,220,NamedTypeTest,2,0,15,0,3,0,0,0,1,23.5,6,1.167,0
221,221,FunctionTypeTest,25,0,281,0,7,0,0,0,1,26.36,9,0.162,0
222,222,EnumElementTypeTest,2,0,35,0,6,0,0,0,1,13.5,9,0.917,0
223,223,JSDocInfoTest,30,2,417,0,29,0,0,1,2,18.533,13,0.119,0
224,224,IRTest,15,0,103,0,5,0,0,0,1,10.867,6,0.25,0
225,225,NodeTest,39,0,349,0,19,0,0,1,0,23.974,0,0.0,0
226,226,Mapping,2,5,0,0,1,0,0,1,0,17.0,0,0.0,0
227,227,FunctionInfo,2,7,0,0,1,0,0,1,0,17.0,0,0.0,0
228,228,FunctionInformationMap,34,8,81,1,16,5,0,4,0,13.588,0,0.0,0
229,229,Instrumentation,42,17,107,1,30,7,0,2,0,14.619,0,0.0,0
230,230,InstrumentationTemplate,2,3,0,0,1,0,0,1,0,17.0,0,0.0,0
231,231,SourceMapGeneratorFactory,2,0,1,0,5,1,1,3,3,11.0,12,6.167,0
232,232,Util,4,1,41,0,46,8,1,1,5,18.0,31,1.333,0
233,233,Base64,3,2,3,0,5,1,0,1,4,11.0,18,8.0,0
234,234,SourceMapConsumerV1,8,5,104,1,32,8,0,4,7,13.75,46,2.046,0
235,235,SourceMapLineDecoder,6,0,19,0,21,4,0,1,4,13.833,21,2.0,0
236,236,SourceMapSection,7,4,6,0,2,0,0,1,5,10.0,13,7.25,0
237,237,SourceMapGeneratorV1,9,5,48,1,24,5,1,1,8,11.778,76,4.306,0
238,238,SourceMapGeneratorV2,18,10,91,1,25,5,1,1,14,12.389,275,5.436,0
239,239,SourceMapGeneratorV3,20,9,116,1,26,5,1,1,12,12.55,160,3.507,0
240,240,SourceMapConsumerFactory,2,0,7,0,18,3,3,3,3,5.0,25,3.579,0
241,241,FilePosition,2,2,2,0,1,0,0,1,3,8.0,46,41.5,0
242,242,SourceMapConsumerV2,4,3,46,1,21,5,3,4,4,10.0,28,1.327,0
243,243,SourceMapParseException,0,0,0,0,0,0,0,0,1,0.0,10,0.0,0
244,244,SourceMapConsumerV3,15,6,123,2,39,9,9,4,11,13.133,31,1.093,1
245,245,Base64VLQ,4,4,6,0,8,2,0,2,5,9.0,55,8.455,0
246,246,Warning,4,2,4,0,1,0,0,1,1,8.0,8,2.5,0
247,247,AntErrorManager,2,2,12,0,6,1,0,0,1,9.5,14,1.8,0
248,248,CompileTask,35,20,136,0,24,5,2,1,29,15.114,39,2.844,0
249,249,SecureCompiler,7,7,26,0,14,3,1,2,5,12.857,103,5.0,0
250,250,Writer,40,0,319,0,155,4,1,2,4,13.625,36,0.267,0
251,251,Validator,50,7,153,0,80,4,0,1,3,16.9,71,0.533,0
252,252,JsonMLAst,9,6,24,1,17,4,1,3,3,12.111,35,1.805,0
253,253,Reader,77,7,401,0,107,6,3,4,16,17.597,52,0.87,0
254,254,JsonMLUtil,5,0,20,0,24,7,0,2,5,11.0,153,8.633,0
255,255,JsonML,22,3,74,0,34,7,1,1,20,11.273,33,5.324,0
256,256,JsonMLException,0,1,0,0,0,0,0,0,1,0.0,15,0.0,0
257,257,NodeUtil,4,0,13,0,4,1,0,2,5,16.75,34,15.286,1
258,258,JsonMLError,2,5,3,0,1,0,0,1,1,4.0,16,9.5,0
259,259,LinkedDirectedGraph,35,3,128,1,11,4,1,3,1,15.771,52,0.632,0
260,260,DiGraph,15,0,6,0,1,0,0,1,7,18.2,38,88.0,0
261,261,GraphReachability,3,3,20,1,7,2,0,2,1,9.333,32,2.846,0
262,262,FixedPointGraphTraversal,4,2,30,0,12,4,0,1,5,15.75,48,7.684,0
263,263,Graph,24,2,28,1,5,1,1,1,22,13.625,221,20.8,0
264,264,GraphPruner,2,1,38,0,23,9,0,1,1,7.5,89,3.258,0
265,265,LinkedUndirectedGraph,27,3,96,1,14,5,1,4,1,14.407,30,0.432,0
266,266,UndiGraph,4,0,0,0,0,0,0,0,2,23.25,22,0.0,0
267,267,StandardUnionFind,9,2,47,2,14,3,0,7,3,9.889,51,2.774,0
268,268,GraphColoring,3,2,5,0,7,1,0,2,3,11.333,136,25.0,0
269,269,CharRanges,18,3,44,0,48,11,2,4,4,8.611,83,0.793,0
270,270,RegExpTree,16,12,123,0,241,49,5,31,10,12.812,25,0.574,0
271,271,CaseCanonicalize,4,4,27,0,11,4,0,3,5,16.25,150,7.694,0
272,272,TestErrorReporter,5,4,9,1,5,1,0,1,3,14.4,35,5.308,0
273,273,SimpleSourceExcerptProvider,2,1,4,1,1,0,0,1,1,14.0,13,7.5,0
274,274,Protocol,2,3,2,0,5,1,0,1,3,18.5,27,11.5,0
275,275,AbstractWebServiceException,3,0,5,0,1,0,0,1,1,12.333,15,19.0,0
276,276,ClosureReverseAbstractInterpreter,2,5,21,0,10,4,0,2,1,28.0,14,1.059,1
277,277,SemanticReverseAbstractInterpreter,11,5,119,0,73,17,0,22,4,18.545,117,1.398,1
278,278,ChainableReverseAbstractInterpreter,11,6,40,1,22,7,1,6,11,22.364,184,6.652,1
279,279,JsFileParser,5,8,28,0,24,7,0,2,5,11.2,70,6.657,0
280,280,DepsGenerator,19,12,113,0,19,7,0,3,12,18.947,67,3.602,0
281,281,JsFileLineParser,6,9,45,0,46,10,3,1,6,12.833,52,3.452,0
282,282,JsFunctionParser,4,5,20,0,14,4,0,1,4,9.75,36,4.44,0
283,283,PathUtil,6,2,42,0,18,6,1,4,7,13.5,114,10.0,0
284,284,SimpleDependencyInfo,6,4,13,1,4,1,0,2,1,11.833,18,2.333,0
285,285,DepsFileParser,4,5,25,0,15,4,1,1,5,10.5,45,9.952,0
286,286,SortedDependencies,11,4,79,0,24,7,1,3,7,17.727,68,3.739,0
287,287,JsDocInfoParser,58,15,758,0,463,99,1,18,47,18.293,88,1.268,1
288,288,ParserRunner,7,4,36,0,20,1,0,1,1,12.143,32,0.976,0
289,289,JsDocTokenStream,20,19,53,0,92,16,0,23,5,11.35,17,0.325,0
290,290,TypeSafeDispatcher,44,0,57,0,67,9,4,42,1,19.205,51,0.896,0
291,291,IRFactory,29,19,117,0,88,4,1,86,4,15.586,57,0.493,1
292,292,Config,1,6,5,0,7,2,0,1,2,20.0,24,5.857,0
293,293,NullErrorReporter,4,0,2,0,1,0,0,1,1,8.5,11,7.5,0
294,294,PeepholeSimplifyRegExp,1,0,29,0,18,4,0,2,1,15.0,12,0.833,0
295,295,MinimizeExitPoints,6,1,91,1,49,14,0,4,5,13.833,105,3.491,1
296,296,RenameLabels,1,3,2,1,1,0,0,0,1,7.0,215,258.0,1
297,297,JsMessageExtractor,2,3,16,0,12,3,1,1,3,15.0,74,13.231,0
298,298,Tracer,25,16,56,0,17,4,0,3,23,16.8,711,15.0,0
299,299,VerboseMessageFormatter,3,0,12,0,4,1,0,1,1,10.0,16,3.333,0
300,300,DiagnosticType,9,5,11,2,1,0,0,1,6,6.778,28,15.667,0
301,301,StrictModeCheck,9,13,78,1,20,7,0,3,8,11.889,44,1.667,0
302,302,JSModule,26,6,85,2,8,3,1,2,24,11.885,55,5.397,0
303,303,JsMessageDefinition,3,3,0,0,1,0,0,1,1,16.333,62,26.667,0
304,304,LiveVariablesAnalysis,10,4,79,0,54,12,0,8,3,16.1,141,3.096,1
305,305,StatementFusion,6,0,47,0,16,5,1,7,1,23.833,69,1.745,0
306,306,VariableVisibilityAnalysis,3,2,19,1,19,5,1,1,4,15.667,101,10.091,0
307,307,FunctionRewriter,3,2,22,1,19,6,0,1,2,17.333,55,4.238,1
308,308,CheckUnreachableCode,5,3,19,1,8,2,0,2,1,9.4,12,1.7,0
309,309,DataFlowAnalysis,13,4,90,0,29,9,1,2,13,11.462,324,10.872,0
310,310,RemoveUnusedVars,13,13,162,2,61,17,0,4,12,18.154,260,3.385,1
311,311,CollapseVariableDeclarations,3,3,30,1,23,5,0,1,1,12.333,99,4.258,1
312,312,RemoveTryCatch,1,2,2,1,1,0,0,0,2,7.0,24,39.0,0
313,313,DiagnosticGroups,7,35,10,0,2,0,0,1,4,14.714,13,4.0,1
314,314,ObjectPropertyStringPreprocess,2,6,10,1,5,1,0,0,1,13.5,47,6.143,0
315,315,CheckSideEffects,5,6,47,1,24,8,0,4,2,10.4,44,2.045,1
316,316,FindExportableNodes,2,3,25,0,24,7,0,1,1,7.5,55,3.52,0
317,317,PeepholeOptimizationsPass,10,4,30,1,13,4,0,2,2,11.3,30,0.895,1
318,318,JvmMetrics,10,4,136,0,30,8,0,4,1,18.3,28,0.104,0
319,319,ByPathWarningsGuard,4,5,3,0,9,3,0,2,3,8.25,81,14.0,0
320,320,DefaultPassConfig,20,120,200,0,170,51,1,3,11,19.15,18,0.387,0
321,321,FunctionNames,4,4,14,2,13,3,0,2,1,13.5,75,4.286,0
322,322,AbstractCommandLineRunner,54,19,384,0,68,19,6,9,46,18.444,100,2.303,1
323,323,ClosureCodeRemoval,1,6,17,1,22,6,0,0,1,7.0,111,5.364,0
324,324,OptimizeReturns,5,1,40,2,22,7,0,6,4,10.8,58,3.568,0
325,325,CheckRegExp,3,4,21,1,14,4,0,1,1,13.333,30,2.188,0
326,326,ControlFlowAnalysis,38,12,345,2,54,15,1,19,15,13.605,66,1.023,1
327,327,NameReferenceGraphReport,8,1,89,0,35,6,0,2,9,19.5,90,6.143,0
328,328,AnalyzePrototypeProperties,3,14,15,1,7,1,0,2,3,13.0,65,8.929,1
329,329,PeepholeFoldConstants,35,8,446,0,97,31,1,39,20,17.457,63,0.634,1
330,330,AbstractCompiler,51,2,0,1,1,0,0,1,52,16.765,90,538.5,0
331,331,UseSite,2,3,3,0,1,0,0,1,1,7.0,29,18.0,0
332,332,RescopeGlobalSymbols,2,6,12,1,7,1,0,0,1,20.0,102,13.333,0
333,333,XtbMessageBundle,4,3,16,1,8,0,0,1,1,12.5,12,1.545,0
334,334,CoalesceVariableNames,7,4,124,2,40,14,0,4,2,15.286,106,1.211,1
335,335,NameGenerator,4,7,15,0,16,4,2,2,4,13.0,52,2.41,0
336,336,CheckPathsBetweenNodes,8,11,41,0,22,7,0,4,5,18.5,25,1.754,0
337,337,MethodCompilerPass,5,5,20,1,9,1,0,1,4,14.6,21,4.579,1
338,338,EmptyMessageBundle,3,0,4,1,1,0,0,1,4,11.667,14,15.667,0
339,339,AnalyzeNameReferences,3,3,12,1,5,1,0,1,1,7.333,67,7.5,0
340,340,RemoveUnusedClassProperties,5,4,52,2,16,5,1,3,2,11.6,49,1.522,0
341,341,VarCheck,6,11,61,1,44,12,1,4,4,17.0,32,1.234,1
342,342,CompilerInput,28,8,90,2,15,3,1,2,15,11.821,71,4.638,0
343,343,ConvertToDottedProperties,2,1,18,1,13,3,0,0,1,6.0,25,2.214,0
344,344,FieldCleanupPass,2,1,5,1,1,0,0,0,1,10.0,48,56.0,0
345,345,DiagnosticGroup,6,4,11,1,6,2,0,2,6,7.833,26,7.214,0
346,346,SymbolTable,48,11,339,1,39,12,2,9,32,16.896,301,4.495,0
347,347,PrepareAst,4,2,25,1,14,4,0,0,3,13.0,58,2.812,1
348,348,ControlStructureCheck,4,2,15,1,9,3,0,0,2,7.75,15,2.417,0
349,349,ClosureRewriteClass,16,7,170,1,39,10,0,6,4,16.25,22,0.527,0
350,350,ReplaceMessagesForChrome,4,0,38,0,18,5,1,2,1,19.25,53,1.871,0
351,351,ProcessDefines,6,10,49,1,24,7,0,1,4,12.333,37,2.34,0
352,352,PreprocessorSymbolTable,9,3,21,2,5,1,0,1,1,11.222,20,1.846,0
353,353,MarkNoSideEffectCalls,3,3,9,1,6,2,0,3,3,22.333,44,8.0,0
354,354,PrintStreamErrorManager,3,3,16,0,7,2,0,0,1,13.333,43,5.333,0
355,355,CodePrinter,1,1,6,0,10,2,0,1,2,8.0,14,2.8,1
356,356,TypeCheck,39,50,658,2,182,21,0,6,31,15.795,129,1.976,1
357,357,PeepholeFoldWithTypes,2,0,21,0,30,9,0,2,2,14.0,94,5.485,0
358,358,PassConfig,17,4,30,0,18,5,1,1,16,17.176,48,7.744,0
359,359,AbstractPeepholeOptimization,13,1,22,0,10,3,0,1,14,17.077,62,15.667,0
360,360,RenamePrototypes,3,9,37,1,32,8,0,1,4,13.333,132,5.362,1
361,361,RhinoErrorReporter,6,8,14,0,6,2,0,2,2,12.333,38,5.0,0
362,362,NameReferenceGraph,6,6,25,1,13,4,0,3,2,14.667,157,6.097,0
363,363,UnreachableCodeElimination,4,3,16,2,6,1,0,0,1,7.75,78,11.571,1
364,364,ReplaceCssNames,2,10,4,1,2,0,0,1,1,12.0,170,69.667,0
365,365,ObjectPropertyStringPostprocess,1,1,2,1,1,0,0,0,1,7.0,52,41.0,0
366,366,DefinitionSite,0,5,0,0,0,0,0,0,1,0.0,24,0.0,0
367,367,GroupVariableDeclarations,6,1,44,2,32,8,0,2,2,10.5,165,6.689,0
368,368,Strings,3,0,11,0,7,2,0,3,4,22.333,164,35.071,0
369,369,CheckRequiresForConstructors,4,4,15,1,6,2,0,2,2,13.0,26,6.222,0
370,370,MemoizedScopeCreator,7,2,22,2,7,2,0,1,2,14.857,64,5.1,0
371,371,GatherRawExports,4,3,18,1,11,4,0,3,1,13.5,25,1.474,0
372,372,ExpressionDecomposer,26,6,214,0,33,10,1,4,25,19.0,192,5.33,0
373,373,JSModuleGraph,15,3,116,0,39,12,0,3,14,18.133,121,4.9,0
374,374,InlineFunctions,19,9,161,1,34,11,1,4,17,20.684,124,3.102,1
375,375,ShadowVariables,1,7,4,1,5,1,0,0,1,7.0,63,17.4,0
376,376,GlobalNamespace,18,9,35,2,7,1,0,1,9,12.722,49,8.529,1
377,377,ClosureOptimizePrimitives,3,1,27,1,17,4,0,3,3,18.0,32,2.367,0
378,378,FunctionTypeBuilder,20,32,180,0,45,14,1,4,18,17.2,117,2.49,1
379,379,DotFormatter,12,8,88,0,26,5,0,2,7,9.5,71,2.898,0
380,380,CrossModuleCodeMotion,8,5,108,1,29,9,0,10,7,13.125,74,1.621,0
381,381,JSSourceFile,10,2,12,1,1,0,0,1,1,10.6,36,4.1,0
382,382,ComposeWarningsGuard,8,6,24,0,12,4,0,3,3,10.0,56,2.196,0
383,383,VariableReferenceCheck,2,6,4,1,1,0,0,0,1,10.0,51,27.5,0
384,384,ReplaceMessages,8,3,98,0,20,6,2,4,7,19.0,110,6.297,0
385,385,CleanupPasses,4,4,5,0,4,0,0,1,1,16.25,17,2.571,0
386,386,InlineVariables,2,4,4,1,5,1,1,3,1,11.5,105,19.333,1
387,387,ProcessCommonJSModules,6,8,21,1,9,1,1,1,4,12.833,63,8.0,1
388,388,SanityCheck,5,4,30,1,12,3,2,2,4,17.0,40,3.7,0
389,389,SuppressDocWarningsGuard,2,2,12,0,25,10,0,2,1,8.0,15,0.615,0
390,390,PeepholeSubstituteAlternateSyntax,47,10,625,0,94,20,0,19,36,20.149,127,1.666,1
391,391,AstChangeProxy,6,1,23,0,19,4,0,1,7,13.667,20,2.926,0
392,392,DiagnosticGroupWarningsGuard,4,3,10,0,8,3,0,2,1,7.0,13,1.364,0
393,393,JqueryCodingConvention,3,3,12,0,2,0,0,1,1,17.667,8,2.2,0
394,394,InferJSDocInfo,5,2,58,1,39,13,0,4,3,15.8,171,3.333,0
395,395,SpecializeModule,8,5,72,1,16,4,0,1,9,26.625,338,12.985,0
396,396,SideEffectsAnalysis,9,4,40,1,20,6,1,9,7,17.778,104,5.347,0
397,397,AmbiguateProperties,10,13,96,1,30,8,1,3,7,15.3,151,3.452,1
398,398,SourceFile,30,7,64,2,29,7,1,5,10,11.133,71,2.656,1
399,399,LineNumberCheck,4,3,12,2,8,3,0,1,1,10.25,26,1.875,0
400,400,OptimizeCalls,2,2,5,1,6,2,0,1,1,7.0,36,5.875,0
401,401,CrossModuleMethodMotion,2,8,51,1,33,10,0,0,2,9.0,12,0.73,1
402,402,Compiler,155,54,708,0,71,18,3,6,77,14.871,66,1.88,1
403,403,NodeNameExtractor,1,2,27,0,24,5,0,11,2,7.0,54,4.792,0
404,404,TypedCodeGenerator,5,0,104,0,55,15,0,6,3,16.4,16,0.531,0
405,405,TypeInferencePass,4,6,17,1,5,0,0,1,3,10.25,33,5.5,0
406,406,SyntheticAst,5,4,8,1,3,0,1,1,1,10.8,13,2.286,0
407,407,CombinedCompilerPass,7,2,15,2,5,1,0,1,1,9.429,141,7.4,0
408,408,RuntimeTypeCheck,3,3,16,1,4,1,0,1,1,10.333,66,8.625,1
409,409,VariableMap,14,3,54,0,11,3,2,2,11,11.571,35,3.138,0
410,410,MustBeReachingVariableDef,12,3,100,0,53,14,0,8,5,14.833,51,1.878,1
411,411,StripCode,2,8,4,1,1,0,0,0,2,13.5,109,67.0,0
412,412,TransformAMDToCJSModule,3,6,6,1,1,0,0,1,2,16.0,24,13.667,0
413,413,PeepholeCollectPropertyAssignments,9,0,96,0,29,9,1,7,1,17.556,43,0.394,0
414,414,CheckProvides,2,4,4,1,1,0,0,0,1,10.0,8,5.5,0
415,415,ScopedAliases,2,11,30,1,21,6,0,0,1,10.0,36,1.818,1
416,416,JsMessage,14,11,29,0,7,2,0,3,10,8.286,39,6.0,0
417,417,ConcreteType,22,5,59,1,14,4,0,3,22,12.136,66,4.987,0
418,418,GatherSideEffectSubexpressionsCallback,7,3,57,1,25,7,1,7,7,17.0,81,3.842,0
419,419,NodeIterators,0,0,0,0,0,0,0,0,1,0.0,22,0.0,0
420,420,PureFunctionIdentifier,9,8,112,1,41,13,1,7,7,15.444,97,2.375,1
421,421,CallGraph,21,9,102,1,23,7,1,3,20,20.667,168,6.537,0
422,422,LoggerErrorManager,2,2,17,0,7,2,0,0,1,9.5,33,3.0,0
423,423,CheckAccessControls,24,20,235,2,37,13,0,5,19,19.042,72,2.517,1
424,424,NameAnalyzer,25,17,252,1,63,15,2,9,22,16.8,250,3.263,1
425,425,PerformanceTracker,9,10,94,0,64,6,1,1,4,15.111,17,0.471,0
426,426,SimpleFunctionAliasAnalysis,4,2,30,0,12,4,0,1,5,14.5,29,4.621,0
427,427,CheckMissingGetCssName,6,6,34,1,14,5,0,4,4,14.833,24,2.967,0
428,428,ErrorPass,1,2,2,1,1,0,0,0,1,7.0,8,12.0,0
429,429,SourceInformationAnnotator,2,2,20,0,18,5,0,0,1,10.0,70,4.429,0
430,430,MoveFunctionDeclarations,3,2,21,2,12,3,0,1,1,8.667,66,4.789,0
431,431,StrictWarningsGuard,2,2,4,0,4,1,0,2,1,8.0,13,3.2,0
432,432,NameReferenceGraphConstruction,7,5,23,1,11,4,1,2,5,17.0,29,2.525,0
433,433,ExportTestFunctions,4,4,27,1,7,1,0,1,2,18.75,55,7.417,0
434,434,AstValidator,64,1,389,1,38,3,0,18,1,17.297,18,0.052,0
435,435,ChainCalls,1,6,7,1,9,1,0,0,1,7.0,7,1.222,0
436,436,InlineSimpleMethods,12,2,47,0,10,3,0,4,11,17.0,100,6.429,0
437,437,MaybeReachingVariableUse,9,2,67,0,46,10,0,7,4,15.556,66,2.972,1
438,438,PeepholeReplaceKnownMethods,17,2,297,0,78,18,0,13,16,19.353,17,0.525,1
439,439,DevirtualizePrototypeMethods,13,2,141,2,36,11,1,12,10,16.923,132,3.361,1
440,440,TightenTypes,19,8,219,2,74,13,1,6,14,17.053,262,2.19,0
441,441,CreateSyntheticBlocks,5,8,26,1,8,2,0,2,5,12.4,37,3.5,0
442,442,NodeTraversal,36,12,157,0,17,4,0,3,26,12.806,73,2.503,1
443,443,PhaseOptimizer,14,17,26,1,16,4,1,1,13,11.714,72,4.238,0
444,444,CheckMissingReturn,8,5,36,1,13,4,0,5,5,14.125,34,4.484,0
445,445,CheckDebuggerStatement,2,2,5,1,3,1,0,0,1,6.0,40,11.5,0
446,446,InlineCostEstimator,2,2,3,0,2,0,0,1,3,7.0,15,15.333,1
447,447,IgnoreCajaProperties,1,2,2,1,1,0,0,0,1,7.0,77,86.0,0
448,448,AnonymousFunctionNamingCallback,2,1,29,0,13,5,0,0,1,14.5,45,2.2,0
449,449,AliasStrings,9,11,61,1,29,8,0,3,8,18.444,39,2.123,0
450,450,DisambiguateProperties,10,7,69,1,23,5,0,1,7,17.0,88,2.218,1
451,451,CollapseAnonymousFunctions,1,1,2,1,1,0,0,0,1,7.0,42,56.0,0
452,452,WhitelistWarningsGuard,11,3,40,0,12,3,1,2,8,15.364,64,5.439,0
453,453,AstParallelizer,6,7,30,0,18,3,0,4,4,16.667,63,3.514,0
454,454,DefinitionsRemover,2,0,26,0,24,8,0,8,3,14.5,15,0.958,0
455,455,OptimizeArgumentsArray,7,7,58,2,35,10,0,4,3,10.571,53,1.848,0
456,456,VariableNameGenerator,1,2,2,0,3,1,0,1,1,14.0,14,6.667,0
457,457,LinkedFlowScope,17,7,79,1,29,10,1,8,10,13.176,69,2.624,0
458,458,ConstCheck,4,3,35,1,29,9,0,1,3,8.25,19,1.818,0
459,459,BasicErrorManager,11,4,17,1,8,3,0,1,3,11.273,51,3.958,0
460,460,DeadAssignmentsElimination,10,3,134,2,61,16,0,11,5,18.1,112,2.042,1
461,461,Scope,26,7,56,2,9,2,0,3,17,11.692,106,7.193,1
462,462,PassFactory,4,2,0,0,1,0,0,1,5,10.0,39,37.0,0
463,463,Denormalize,4,1,35,2,33,9,0,4,2,14.0,66,2.444,0
464,464,ReferenceCollectingCallback,11,6,49,3,13,4,0,3,10,10.818,59,4.512,1
465,465,NameAnonymousFunctionsMapped,2,9,5,1,5,1,0,1,2,10.5,64,16.667,0
466,466,JsMessageVisitor,24,26,215,1,60,13,9,7,23,21.708,100,3.793,0
467,467,OptimizeParameters,17,2,134,2,26,8,0,8,12,19.059,47,1.765,0
468,468,CodeConsumer,34,3,67,0,25,7,0,1,11,12.206,56,3.082,1
469,469,TypedScopeCreator,8,17,81,1,26,5,0,2,4,18.5,67,2.216,1
470,470,RenameVars,10,21,70,1,30,7,1,3,7,16.0,27,1.31,1
471,471,ProcessTweaks,6,13,51,1,15,4,0,1,6,23.5,106,4.04,0
472,472,FunctionInjector,18,9,151,0,30,10,4,6,18,20.667,71,2.629,1
473,473,ControlFlowGraph,6,2,14,0,11,2,0,7,7,18.167,40,11.125,0
474,474,ExpandJqueryAliases,10,9,242,1,53,15,0,4,4,21.7,51,0.921,0
475,475,ProcessClosurePrimitives,21,23,308,1,53,17,0,5,18,20.19,48,1.429,1
476,476,CheckGlobalThis,4,3,40,1,30,11,0,6,3,13.75,140,4.863,1
477,477,WarningsGuard,4,0,0,1,1,0,0,1,5,7.75,126,115.333,0
478,478,FlowSensitiveInlineVariables,6,7,40,2,23,5,0,2,3,9.0,93,4.675,1
479,479,NameAnonymousFunctions,1,5,3,1,2,0,0,0,1,7.0,40,25.5,0
480,480,SimpleRegion,3,3,3,1,1,0,0,1,1,19.0,2,1.667,0
481,481,CheckGlobalNames,9,9,79,1,25,9,0,6,4,18.222,42,1.349,0
482,482,InvocationsCallback,2,0,9,0,10,3,0,3,2,5.0,31,7.9,0
483,483,AbstractMessageFormatter,5,3,7,1,4,1,0,3,2,12.4,15,2.8,0
484,484,ExtractPrototypeMemberDeclarations,4,3,44,1,14,4,0,0,4,16.75,235,13.133,0
485,485,Result,0,13,0,0,0,0,0,0,1,0.0,2,0.0,0
486,486,CodeGenerator,32,8,512,0,409,50,7,4,16,15.062,51,0.524,1
487,487,ReplaceStrings,17,12,115,1,26,8,0,3,13,15.412,101,3.264,0
488,488,ShowByPathWarningsGuard,2,2,3,0,1,0,0,1,1,8.0,17,10.5,0
489,489,CollapseProperties,22,8,288,1,42,10,0,2,20,26.227,249,4.635,1
490,490,FunctionArgumentInjector,11,1,105,0,32,9,0,3,11,21.727,84,4.026,0
491,491,TypeInference,49,9,538,0,69,14,0,3,18,18.898,143,1.283,1
492,492,RemoveUnusedPrototypeProperties,4,5,16,1,22,7,0,3,3,20.0,14,0.886,0
493,493,RecordFunctionInformation,4,4,39,1,10,2,0,2,3,9.5,75,3.885,0
494,494,LightweightMessageFormatter,4,2,26,0,27,6,0,1,1,10.75,17,0.733,1
495,495,RemoveUnusedNames,2,3,12,1,9,3,0,0,2,14.5,14,2.273,0
496,496,CodingConventions,1,0,0,0,1,0,0,1,2,10.0,7,17.0,0
497,497,GlobalVarReferenceMap,7,2,57,1,14,3,0,2,5,21.429,78,3.688,0
498,498,InlineObjectLiterals,1,3,2,1,1,0,0,0,1,7.0,36,45.0,1
499,499,FunctionToBlockMutator,14,2,130,0,23,6,0,2,15,21.143,83,3.858,1
500,500,Normalize,5,5,20,1,13,3,1,1,2,21.0,163,8.417,1
501,501,JSError,16,8,29,0,25,8,0,9,13,8.0,49,7.833,0
502,502,AliasKeywords,9,11,30,1,8,3,0,3,9,17.778,55,5.026,0
503,503,NodeUtil,156,13,843,0,61,18,2,42,134,16.801,132,3.665,1
504,504,SourceMap,8,3,26,0,17,5,0,3,3,12.75,21,1.625,1
505,505,InlineProperties,5,4,49,1,12,4,0,3,4,15.4,75,3.971,0
506,506,CompilerOptions,209,167,248,2,15,4,1,1,80,21.407,72,5.312,1
507,507,ReorderConstantExpression,1,0,17,0,11,3,0,1,1,15.0,31,3.909,0
508,508,GoogleJsMessageIdGenerator,1,1,8,1,9,2,0,1,1,10.0,92,10.556,0
509,509,GenerateExports,3,4,55,1,30,8,0,1,2,10.0,20,1.091,0
510,510,GoogleCodingConvention,7,4,26,0,10,3,0,3,6,13.286,99,12.684,0
511,511,AliasExternals,16,15,103,1,29,10,0,3,12,15.688,290,6.141,0
512,512,CheckSuspiciousCode,5,2,28,0,8,2,0,0,1,12.2,32,2.2,0
513,513,PeepholeRemoveDeadCode,28,0,377,0,66,16,0,12,27,16.75,51,1.31,0
514,514,InstrumentFunctions,1,10,19,1,18,4,0,1,1,7.0,177,11.056,0
515,515,MakeDeclaredNamesUnique,7,3,66,1,19,4,0,2,3,14.286,33,1.152,1
516,516,ReplaceIdGenerators,6,10,52,1,30,6,0,4,2,17.667,15,0.569,0
517,517,CommandLineRunner,10,3,121,0,41,7,1,2,5,15.1,125,2.089,1
518,518,ExternExportsPass,6,10,48,1,16,6,0,3,2,14.333,13,0.543,0
519,519,SyntacticScopeCreator,6,7,72,1,28,6,0,5,5,15.667,38,1.838,1
520,520,ExploitAssigns,6,0,63,0,39,8,0,8,6,16.833,80,3.212,1
521,521,ClosureCodingConvention,24,4,120,0,28,9,0,7,9,21.125,23,1.356,1
522,522,DependencyOptions,9,5,6,1,3,0,0,1,6,18.222,108,28.429,0
523,523,TypeValidator,33,17,228,0,30,10,0,5,25,17.424,106,5.871,1
524,524,SimpleDefinitionFinder,13,4,90,2,20,7,0,5,9,17.846,67,2.379,0
525,525,JsAst,6,6,26,1,12,1,0,1,1,9.833,8,0.522,1
526,526,RenameProperties,5,14,64,1,41,9,0,1,5,14.6,89,3.836,0
527,527,AbstractStaticScope,5,0,5,1,1,0,0,1,1,11.0,14,4.0,0
528,528,BaseJSTypeTestCase,18,56,202,0,103,0,0,1,4,15.611,14,0.318,0
529,529,MapBasedScope,2,1,3,0,1,0,0,1,1,8.5,13,7.5,0
530,530,TestErrorReporter,7,4,10,1,5,1,0,1,3,14.286,35,4.059,0
531,531,Asserts,9,0,69,0,20,1,0,1,4,19.889,17,1.308,0
532,532,NoType,11,1,11,0,1,0,0,1,1,13.909,100,9.818,0
533,533,PrototypeObjectType,29,8,128,0,28,10,0,7,4,17.517,105,1.32,1
534,534,VoidType,10,1,16,0,7,2,0,3,1,17.4,10,0.812,0
535,535,FunctionParamBuilder,9,2,36,0,8,2,0,2,6,15.444,39,4.057,0
536,536,NumberType,11,1,16,0,7,2,0,3,1,15.818,2,0.294,0
537,537,PropertyMap,14,5,34,1,16,6,0,4,3,14.357,15,0.789,0
538,538,RecordTypeBuilder,3,4,6,0,6,1,0,2,4,10.0,52,8.091,1
539,539,RecordType,8,3,54,0,26,9,0,4,3,16.5,102,2.194,1
540,540,Property,12,6,11,3,1,0,0,1,1,10.167,12,1.167,0
541,541,ErrorFunctionType,0,1,0,0,0,0,0,0,1,0.0,8,0.0,0
542,542,NullType,11,1,17,0,10,3,0,4,1,16.727,2,0.25,0
543,543,JSType,118,15,318,1,47,16,1,15,85,15.517,235,8.115,1
544,544,ProxyObjectType,56,3,104,0,6,1,0,2,1,15.429,14,0.292,0
545,545,ModificationVisitor,18,1,67,1,32,9,0,4,1,14.833,13,0.225,0
546,546,JSTypeRegistry,84,18,537,1,70,15,1,14,69,20.298,94,5.359,1
547,547,UnknownType,20,2,19,0,1,0,0,1,1,14.85,4,0.35,0
548,548,SimpleSlot,5,4,5,2,1,0,0,1,1,10.8,12,2.8,0
549,549,AllType,12,1,11,0,1,0,0,1,1,14.167,5,0.667,0
550,550,StringType,10,1,15,0,7,2,0,3,1,16.4,2,0.312,0
551,551,FunctionType,70,10,376,0,29,7,1,7,40,16.857,51,2.07,1
552,552,CanCastToVisitor,15,0,58,1,22,7,0,8,1,14.8,6,0.15,0
553,553,IndexedType,1,2,1,0,1,0,0,1,1,12.0,22,26.0,0
554,554,UnresolvedTypeExpression,1,3,1,0,1,0,0,1,2,15.0,74,94.0,0
555,555,ValueType,3,0,2,0,1,0,0,1,1,11.333,7,3.333,0
556,556,InstanceObjectType,18,2,65,0,8,2,0,2,2,15.833,20,1.188,0
557,557,TemplateType,6,2,6,0,1,0,0,1,0,14.333,0,0.0,0
558,558,EnumType,17,4,29,0,4,1,0,2,5,13.765,34,5.136,0
559,559,SimpleSourceFile,6,2,6,1,4,1,1,1,1,11.333,14,1.889,0
560,560,UnionType,38,3,140,0,23,8,0,4,9,15.579,97,2.042,1
561,561,UnionTypeBuilder,5,10,62,1,79,23,0,9,4,15.6,24,0.761,0
562,562,ObjectType,55,3,114,1,15,4,0,4,43,16.745,139,12.631,1
563,563,SimpleReference,4,2,5,1,1,0,0,1,1,9.25,10,3.0,0
564,564,FunctionBuilder,14,10,22,0,9,0,0,1,15,13.929,26,4.139,1
565,565,BooleanType,11,1,17,0,7,2,0,3,1,15.909,2,0.294,0
566,566,NamedType,20,7,83,0,22,7,0,7,6,16.65,260,3.487,1
567,567,NoResolvedType,4,1,5,0,5,1,0,2,1,11.75,85,11.75,0
568,568,ParameterizedType,11,2,38,0,20,6,0,6,2,15.909,32,1.543,0
569,569,EnumElementType,25,4,46,0,5,1,0,2,5,13.44,117,5.487,0
570,570,NoObjectType,17,1,20,0,5,1,0,2,1,14.529,96,5.3,0
571,571,ArrowType,15,4,59,0,32,11,1,6,2,17.0,43,0.637,1
572,572,ScriptRuntime,10,2,37,0,82,23,1,4,3,14.2,16,0.29,0
573,573,Node,189,22,468,2,43,13,2,20,69,11.91,60,2.405,1
574,574,SourcePosition,7,5,7,0,13,3,2,1,8,14.286,20,5.421,0
575,575,SimpleErrorReporter,5,2,14,1,13,3,0,2,3,9.4,19,2.348,0
576,576,JSTypeExpression,7,3,14,1,5,1,0,2,6,9.429,24,8.75,0
577,577,TokenStream,2,0,47,0,260,42,0,3,1,11.5,23,0.104,1
578,578,JSDocInfo,133,39,233,1,36,14,1,3,92,13.827,74,5.036,0
579,579,JSDocInfoBuilder,68,4,220,0,10,1,0,2,68,16.691,61,4.757,1
580,580,Token,1,2,1,0,103,1,1,101,1,4.0,23,0.272,0
581,581,IR,75,0,201,0,6,1,0,3,6,7.693,19,0.451,1
582,582,InputId,4,2,9,1,7,3,0,4,1,7.75,13,1.5,0
